Contract_ID,Client_ID,Contract_Value,Cost,Risk_Score,Profit
1,5,4129811,1381267,15,2748544
2,1,2084867,2075452,47,9415
3,3,3637110,65715,57,3571395
4,1,4669429,2228603,19,2440826
5,3,3594050,166625,24,3427425
6,3,220957,444728,70,-223771
7,3,4199992,2926996,64,1272996
8,4,4863586,2520853,82,2342733
9,3,4501514,2135593,19,2365921
10,3,3060160,751390,11,2308770
11,1,3889353,1658784,10,2230569
12,1,2547254,1866130,25,681124
13,4,2581854,2022846,33,559008
14,4,205796,2711264,11,-2505468
15,3,408190,293886,47,114304
16,2,3406264,2629612,38,776652
17,2,2163100,1213649,52,949451
18,5,1471454,2531899,74,-1060445
19,3,1532666,2130287,14,-597621
20,3,488841,653683,47,-164842
21,5,4831357,1070063,24,3761294
22,1,960467,1928626,83,-968159
23,3,2322887,2989349,15,-666462
24,2,250527,2413222,58,-2162695
25,2,867825,510702,26,357123
26,3,4235053,2333704,72,1901349
27,3,2575575,2817286,28,-241711
28,3,4482474,2256837,80,2225637
29,3,1933054,844245,71,1088809
30,4,3457596,573127,59,2884469
31,4,2077302,2934598,19,-857296
32,5,3163567,1180296,72,1983271
33,3,3611037,1452552,71,2158485
34,2,2413120,1174072,69,1239048
35,3,4025139,88625,72,3936514
36,2,3424315,1605133,54,1819182
37,4,781003,1546403,27,-765400
38,4,2883941,2086175,50,797766
39,1,2644381,1963140,35,681241
40,5,4841896,2278018,20,2563878
41,4,1723501,243314,14,1480187
42,3,166010,1504096,70,-1338086
43,3,297043,2014098,74,-1717055
44,4,3141611,2373120,40,768491
45,1,3563953,179863,41,3384090
46,2,2805947,1923406,39,882541
47,1,3169265,83981,53,3085284
48,1,3774034,1376021,35,2398013
49,4,2352057,895079,39,1456978
50,5,527117,952041,17,-424924
51,3,2551461,549633,79,2001828
52,4,4919547,1815654,87,3103893
53,5,2647880,118196,22,2529684
54,2,977397,981615,17,-4218
55,2,2816867,562355,81,2254512
56,2,2553500,1149606,38,1403894
57,1,505622,1546079,35,-1040457
58,1,2106963,2412890,64,-305927
59,1,1233650,2254574,14,-1020924
60,1,2223465,762423,25,1461042
61,3,2288757,2579221,22,-290464
62,5,4021836,1783516,22,2238320
63,4,4202036,2426349,69,1775687
64,4,2875768,2722289,55,153479
65,3,1644431,1536694,16,107737
66,3,676530,1660701,53,-984171
67,3,4001622,297926,35,3703696
68,1,4417273,1528899,86,2888374
69,5,1197791,1763082,75,-565291
70,3,620394,2218821,42,-1598427
71,5,2637242,111300,79,2525942
72,1,3909092,1926002,58,1983090
73,1,1585024,1209621,58,375403
74,2,3251486,1697705,56,1553781
75,5,4803732,1224484,12,3579248
76,3,1624486,2218517,88,-594031
77,1,3816412,355214,21,3461198
78,5,1345859,2231881,42,-886022
79,4,4061874,1086127,73,2975747
80,1,997060,1513336,26,-516276
81,1,3795140,1786423,74,2008717
82,2,1964692,1986281,45,-21589
83,4,4885766,391720,34,4494046
84,5,3625879,1959398,44,1666481
85,2,3656364,2680532,27,975832
86,1,910643,1133494,26,-222851
87,3,1304433,1682146,32,-377713
88,4,3307250,2504007,75,803243
89,5,2421235,2650558,34,-229323
90,2,4770259,22997,31,4747262
91,3,3660146,179988,71,3480158
92,3,4585041,2967351,42,1617690
93,4,1696587,2025111,49,-328524
94,4,476717,2039680,85,-1562963
95,4,693253,250197,19,443056
96,2,2166657,1956118,62,210539
97,1,4150055,1907944,25,2242111
98,5,2727110,299559,26,2427551
99,2,4499454,979665,45,3519789
100,2,1371363,2330661,23,-959298
101,4,3530920,2452879,86,1078041
102,2,1222123,2693956,88,-1471833
103,3,1649600,1473789,44,175811
104,2,3509156,873145,26,2636011
105,5,4495787,2194882,16,2300905
106,5,3912254,264991,74,3647263
107,2,1712120,1313146,55,398974
108,4,965353,1526529,79,-561176
109,4,3276608,1641905,41,1634703
110,4,1722017,2224165,13,-502148
111,1,967319,89457,43,877862
112,5,496927,293609,23,203318
113,3,2249776,2528780,41,-279004
114,1,1398813,2869065,33,-1470252
115,4,4196816,1765284,46,2431532
116,2,1232995,477515,55,755480
117,3,1803133,1311696,67,491437
118,5,2299796,2793966,24,-494170
119,2,4252271,1435110,85,2817161
120,4,1212158,1417476,18,-205318
121,2,4995572,2849863,77,2145709
122,1,2364382,1841827,47,522555
123,3,4979575,1928999,70,3050576
124,5,2025260,2857652,86,-832392
125,5,3508545,1628476,76,1880069
126,3,893883,35865,57,858018
127,1,3308600,1664717,65,1643883
128,1,731658,839164,49,-107506
129,5,4356230,815683,65,3540547
130,5,3095841,1135627,87,1960214
131,4,3475188,1605885,67,1869303
132,1,1326757,965826,62,360931
133,3,4821359,1816335,71,3005024
134,1,2582705,1298607,24,1284098
135,1,120890,2243679,47,-2122789
136,3,2788451,2467965,38,320486
137,3,716223,1259679,52,-543456
138,2,4457227,1722389,87,2734838
139,5,468592,2228659,79,-1760067
140,5,4899480,2654199,82,2245281
141,3,1887013,211163,75,1675850
142,1,1365180,2524223,51,-1159043
143,3,2954373,2311955,61,642418
144,5,2986190,323064,36,2663126
145,1,2697736,2261335,30,436401
146,2,1191959,1805015,24,-613056
147,5,2820949,57886,85,2763063
148,5,2144551,2343560,89,-199009
149,2,2859243,1618034,19,1241209
150,5,1565154,1062493,86,502661
151,1,574759,2034162,59,-1459403
152,4,1944584,1608900,48,335684
153,1,2314279,2739028,39,-424749
154,1,2919411,2208922,55,710489
155,4,4751962,2267478,18,2484484
156,2,1322337,1642159,85,-319822
157,2,1149720,2654353,32,-1504633
158,4,340295,662731,28,-322436
159,5,338014,2165480,61,-1827466
160,1,144310,2479730,21,-2335420
161,5,1698424,384178,82,1314246
162,1,157938,2724470,69,-2566532
163,3,3518658,1923496,65,1595162
164,1,1414235,497662,84,916573
165,4,3824246,2996397,70,827849
166,5,1389527,1326987,38,62540
167,3,3945637,2015513,29,1930124
168,4,3141474,1147896,55,1993578
169,5,3578709,2525711,30,1052998
170,5,1943036,1587640,67,355396
171,1,4279005,2863752,10,1415253
172,1,1535213,1750990,46,-215777
173,5,2360587,702657,68,1657930
174,5,1548079,437751,73,1110328
175,1,2324005,1225775,29,1098230
176,5,1780406,999213,27,781193
177,5,3458690,1199422,27,2259268
178,3,3137619,671193,62,2466426
179,2,1409713,2489586,64,-1079873
180,1,674921,1985180,64,-1310259
181,3,2377602,2335448,39,42154
182,4,1269270,867022,49,402248
183,5,494921,196057,18,298864
184,3,2111402,2294416,88,-183014
185,2,3083766,2566600,64,517166
186,1,3213448,1539156,17,1674292
187,1,4552921,586556,18,3966365
188,4,2223257,2569848,37,-346591
189,3,333394,2315199,33,-1981805
190,4,1365269,2982303,40,-1617034
191,3,1545730,26457,46,1519273
192,5,1663155,1187335,26,475820
193,5,3614702,445181,50,3169521
194,5,451609,2677050,24,-2225441
195,3,3870733,835520,76,3035213
196,4,1166424,1188814,10,-22390
197,3,4367254,1601252,86,2766002
198,5,3934266,166971,12,3767295
199,5,2380522,2126334,37,254188
200,5,913024,2533974,28,-1620950
201,1,3830279,1281437,33,2548842
202,4,1341388,2164564,73,-823176
203,2,2104782,980225,51,1124557
204,3,3609201,1931824,84,1677377
205,4,4472902,1939479,89,2533423
206,5,1237529,1015051,48,222478
207,1,612566,2874423,61,-2261857
208,5,4041574,2844890,47,1196684
209,3,435747,1941861,20,-1506114
210,1,1618928,1932107,61,-313179
211,1,1132308,571176,71,561132
212,1,4984355,1461081,32,3523274
213,3,2795221,1488045,71,1307176
214,2,288512,2260895,33,-1972383
215,3,551818,387865,70,163953
216,5,4136448,167284,10,3969164
217,4,1587473,1148938,44,438535
218,3,1178646,2851655,39,-1673009
219,2,2502088,2949646,68,-447558
220,2,1858665,2439064,88,-580399
221,1,4288022,802144,26,3485878
222,3,3515229,1429824,12,2085405
223,4,1925563,2656771,53,-731208
224,4,4446536,2410675,16,2035861
225,2,3688615,2470567,84,1218048
226,2,2749378,1626934,22,1122444
227,3,2211714,2319262,49,-107548
228,1,1173979,1864432,10,-690453
229,5,4477437,2737073,19,1740364
230,3,4049755,2865425,65,1184330
231,4,2078394,2853906,42,-775512
232,4,1798776,1631529,35,167247
233,1,315815,1272820,44,-957005
234,3,4370436,2098230,54,2272206
235,3,1079868,1931646,33,-851778
236,4,3723865,2383553,15,1340312
237,2,1293411,2326179,80,-1032768
238,1,1260041,163742,84,1096299
239,1,4022504,2168409,59,1854095
240,3,439736,32034,82,407702
241,3,3047598,1321341,20,1726257
242,1,3025594,2156690,79,868904
243,5,133597,2993417,61,-2859820
244,2,199196,1380800,70,-1181604
245,3,524297,1327644,43,-803347
246,2,2370422,1101158,42,1269264
247,1,3722288,2384305,58,1337983
248,5,1637919,2348580,11,-710661
249,5,4672943,2999578,80,1673365
250,1,258828,1568163,29,-1309335
251,1,1701477,1965199,66,-263722
252,4,3980996,445970,69,3535026
253,2,2571093,2587539,28,-16446
254,1,2609084,869444,46,1739640
255,1,3191534,2334678,79,856856
256,4,235194,1451908,29,-1216714
257,5,1073783,2657119,48,-1583336
258,2,1358549,1087947,56,270602
259,1,1286721,1441980,71,-155259
260,1,4795377,2999854,10,1795523
261,2,4098135,2577802,66,1520333
262,3,265944,2352099,64,-2086155
263,2,4498365,111145,70,4387220
264,1,718161,2800886,37,-2082725
265,3,4854674,1686827,45,3167847
266,3,4684940,2888619,55,1796321
267,2,2623235,1948527,32,674708
268,2,4183788,1218157,41,2965631
269,2,2064844,1374157,19,690687
270,2,2664661,1789737,65,874924
271,4,3199064,1497213,49,1701851
272,3,4249446,260854,50,3988592
273,5,3830104,642419,42,3187685
274,2,3149528,2586221,39,563307
275,4,1302766,1382098,13,-79332
276,5,2649268,2053531,75,595737
277,2,1123169,501109,89,622060
278,1,763658,1257612,73,-493954
279,3,4804538,2264082,34,2540456
280,4,2307721,2469545,50,-161824
281,2,804472,2062341,38,-1257869
282,2,1718835,2748870,81,-1030035
283,2,604312,169253,41,435059
284,5,3296406,2716877,83,579529
285,5,922205,98906,70,823299
286,5,70111,97898,55,-27787
287,3,1323897,2369872,42,-1045975
288,1,4895249,108617,78,4786632
289,5,3851054,2219163,83,1631891
290,3,3148428,1750456,43,1397972
291,3,4823887,1571138,10,3252749
292,3,2604175,683076,24,1921099
293,2,1505904,2279506,62,-773602
294,5,4091713,2216270,75,1875443
295,2,2311768,1420628,32,891140
296,1,3753913,521129,88,3232784
297,3,3321387,963794,18,2357593
298,5,4756149,413573,85,4342576
299,1,2256243,2632811,41,-376568
300,2,2301423,559430,49,1741993
301,1,2054213,1801808,53,252405
302,1,1352282,957920,75,394362
303,3,2755443,361286,28,2394157
304,5,4302557,811423,14,3491134
305,2,165109,2748255,86,-2583146
306,2,3798403,752173,15,3046230
307,5,3312958,254188,44,3058770
308,1,507979,1481959,25,-973980
309,1,758277,1171494,15,-413217
310,4,2320707,1099438,14,1221269
311,5,3598884,2178364,31,1420520
312,4,4107636,2539839,87,1567797
313,3,2705580,2022922,34,682658
314,2,2662711,1534105,78,1128606
315,1,2651289,885953,53,1765336
316,4,847828,855269,67,-7441
317,1,3877220,2082394,57,1794826
318,3,4255423,731411,36,3524012
319,3,665480,1049246,43,-383766
320,1,1149792,1487514,54,-337722
321,1,4904194,113803,36,4790391
322,5,3977293,1274667,56,2702626
323,5,1786367,2700019,75,-913652
324,4,3081630,1082678,10,1998952
325,5,1608590,1244552,20,364038
326,5,3710940,687161,54,3023779
327,5,2459583,443337,54,2016246
328,1,4459366,453586,24,4005780
329,4,367803,2757005,57,-2389202
330,1,516600,1401420,31,-884820
331,2,4687659,990170,20,3697489
332,1,3815708,1966125,57,1849583
333,3,1915216,163650,33,1751566
334,3,2439562,1451709,78,987853
335,5,2521831,1613291,65,908540
336,3,1727951,2037389,86,-309438
337,2,3308684,462560,45,2846124
338,3,3094578,1599084,62,1495494
339,5,4187180,2041950,59,2145230
340,1,2593118,1129184,74,1463934
341,2,379289,2290707,41,-1911418
342,1,3945696,1039046,78,2906650
343,1,4636781,1400293,68,3236488
344,3,3657151,2443154,81,1213997
345,5,1929609,2876413,64,-946804
346,1,2516459,1469443,71,1047016
347,2,1609311,1813724,43,-204413
348,2,3813112,521027,49,3292085
349,1,1728807,850695,73,878112
350,2,1866732,454379,37,1412353
351,2,4946625,2520130,21,2426495
352,5,1655671,55259,30,1600412
353,3,1922558,514145,45,1408413
354,4,930435,802721,89,127714
355,3,4515211,1532228,50,2982983
356,4,2958238,2589034,50,369204
357,4,1219334,2907604,83,-1688270
358,1,4173300,1391284,61,2782016
359,2,2588280,101286,34,2486994
360,3,1984526,2975927,20,-991401
361,2,4855921,2646884,65,2209037
362,4,3810447,2732512,30,1077935
363,3,951885,2064417,33,-1112532
364,2,1211422,972553,62,238869
365,1,4659941,1903421,68,2756520
366,2,1987270,2452727,20,-465457
367,5,1713216,1897205,48,-183989
368,5,4187391,2602850,41,1584541
369,4,4285576,2201282,70,2084294
370,5,147776,336006,35,-188230
371,1,3350905,2257352,25,1093553
372,4,3636210,2453438,34,1182772
373,3,4390363,2187425,87,2202938
374,4,1163513,2573330,34,-1409817
375,5,4522294,2132402,21,2389892
376,3,200173,673554,74,-473381
377,3,735271,1217780,42,-482509
378,5,3899565,2976936,26,922629
379,1,989692,26043,40,963649
380,2,4063596,2229496,35,1834100
381,5,604126,2998763,60,-2394637
382,4,1806484,722082,37,1084402
383,5,2349277,588136,14,1761141
384,3,4706490,1209655,80,3496835
385,1,4014712,1410747,21,2603965
386,5,1874792,2999042,12,-1124250
387,5,3083747,1839335,54,1244412
388,3,2811210,1604145,54,1207065
389,2,1227399,746170,64,481229
390,5,799669,2956139,36,-2156470
391,3,527807,1737801,44,-1209994
392,5,3835155,407717,10,3427438
393,4,1634645,2816279,31,-1181634
394,2,3167173,1302545,36,1864628
395,1,4288277,1951828,65,2336449
396,4,2628139,1249930,62,1378209
397,4,2031184,657556,51,1373628
398,4,2249379,201969,19,2047410
399,5,1209629,2080135,55,-870506
400,3,3424353,1855174,69,1569179
401,3,2393869,1787463,23,606406
402,4,2951087,1423654,75,1527433
403,1,63085,1124263,63,-1061178
404,5,2648478,2550209,76,98269
405,3,723761,2104180,45,-1380419
406,5,2269270,1475225,80,794045
407,1,184578,2149760,41,-1965182
408,4,4385852,2483398,50,1902454
409,1,2151882,1756590,28,395292
410,5,1220444,1785098,69,-564654
411,4,2237070,2989981,31,-752911
412,5,4320912,2014956,37,2305956
413,2,1507245,1848004,83,-340759
414,3,1532319,1884159,76,-351840
415,4,3471946,1981951,41,1489995
416,3,2772895,2022530,37,750365
417,3,1015044,1066064,38,-51020
418,2,1613448,2686880,63,-1073432
419,4,4183128,890014,51,3293114
420,5,1966415,2300101,26,-333686
421,1,1757486,588146,54,1169340
422,2,4411297,101626,68,4309671
423,2,682521,1536767,31,-854246
424,1,4113154,2314887,68,1798267
425,4,944408,1286249,34,-341841
426,5,2404098,1396092,31,1008006
427,2,1296738,973408,54,323330
428,5,2562466,91888,27,2470578
429,3,1350664,1074837,89,275827
430,2,528121,115158,14,412963
431,1,411036,2828436,49,-2417400
432,1,2457872,372492,56,2085380
433,1,4721346,1902882,22,2818464
434,3,841552,2725390,10,-1883838
435,1,830451,2893890,43,-2063439
436,1,951141,2610955,22,-1659814
437,3,971196,627699,18,343497
438,1,1492211,60787,71,1431424
439,3,1940089,2765456,33,-825367
440,2,1871363,1577984,79,293379
441,3,1034005,1205924,19,-171919
442,1,3414656,2039253,24,1375403
443,4,1646975,1180357,43,466618
444,3,3372918,443391,63,2929527
445,1,4212075,1026611,89,3185464
446,2,4715461,261536,26,4453925
447,3,1594043,516490,65,1077553
448,3,3412877,1825648,54,1587229
449,3,971586,662925,21,308661
450,5,1658226,1617499,57,40727
451,3,327492,2848955,34,-2521463
452,3,4828623,2661118,70,2167505
453,3,2575274,1112287,68,1462987
454,2,4371587,779896,87,3591691
455,5,571950,1840637,56,-1268687
456,5,3918294,1703273,56,2215021
457,4,1403931,461428,60,942503
458,3,1741746,770717,39,971029
459,1,4499006,1865789,68,2633217
460,4,1383713,1766694,86,-382981
461,2,4335509,814383,73,3521126
462,5,1791656,2645558,88,-853902
463,4,3440199,608579,89,2831620
464,2,2446327,1650668,18,795659
465,2,3461871,479316,30,2982555
466,5,2712529,1276906,42,1435623
467,5,3179682,1121738,36,2057944
468,3,2219787,2143701,52,76086
469,5,2943308,1703999,46,1239309
470,1,397409,458922,54,-61513
471,1,2351747,1139040,17,1212707
472,5,2099900,2634118,69,-534218
473,2,210448,596278,78,-385830
474,5,4969926,441653,34,4528273
475,3,3462998,316341,66,3146657
476,2,1653119,2906820,87,-1253701
477,4,4904199,2665117,73,2239082
478,3,2838014,523086,80,2314928
479,3,4203683,2383960,80,1819723
480,1,1129893,1585360,38,-455467
481,4,1337958,880836,74,457122
482,4,3954155,1980658,44,1973497
483,3,438759,87560,84,351199
484,5,2968085,1433346,34,1534739
485,4,3877154,2746178,70,1130976
486,1,4741979,434582,59,4307397
487,1,111356,882590,12,-771234
488,4,4430678,1934817,77,2495861
489,5,170682,464069,48,-293387
490,5,2469555,2765381,37,-295826
491,5,181969,633402,54,-451433
492,5,771909,1014330,77,-242421
493,5,365177,1808139,60,-1442962
494,4,61665,909498,42,-847833
495,2,1332322,2167320,43,-834998
496,4,2696386,2296136,25,400250
497,2,2525401,263248,12,2262153
498,1,3416912,2641754,41,775158
499,3,689721,498820,63,190901
500,3,993527,2322105,42,-1328578
501,1,357728,1428086,81,-1070358
502,5,1156631,744426,28,412205
503,5,4028411,2206353,36,1822058
504,2,3471944,1346080,84,2125864
505,5,4098278,1484396,64,2613882
506,4,304184,2405236,13,-2101052
507,5,3643942,1461533,70,2182409
508,5,4062837,1334524,44,2728313
509,3,1765301,1813814,83,-48513
510,5,3577861,919318,42,2658543
511,2,873005,2895764,73,-2022759
512,3,2020436,979117,47,1041319
513,2,590454,1470879,77,-880425
514,2,1263065,539505,38,723560
515,1,3545735,2234670,67,1311065
516,2,1127654,2550488,24,-1422834
517,1,916588,1854422,69,-937834
518,3,3911661,2858434,21,1053227
519,5,3351215,1267123,54,2084092
520,2,3623073,769344,37,2853729
521,2,4007370,885775,30,3121595
522,1,891546,2086834,81,-1195288
523,5,2574266,2762467,36,-188201
524,3,3978681,625444,76,3353237
525,3,1453048,1095511,25,357537
526,1,2529459,1669605,79,859854
527,2,2120906,290179,19,1830727
528,1,4935572,2633791,49,2301781
529,3,4691788,1284111,55,3407677
530,1,3574056,1503647,60,2070409
531,4,1063905,1927763,20,-863858
532,5,4543760,1619063,59,2924697
533,3,1157185,1177958,26,-20773
534,1,2815815,2075175,85,740640
535,2,4973440,1308168,22,3665272
536,1,1057553,202070,12,855483
537,3,425190,2325448,82,-1900258
538,3,3433198,1959781,33,1473417
539,5,4493423,1376801,61,3116622
540,3,1014970,1452740,69,-437770
541,3,3347463,1806148,27,1541315
542,3,1154781,2985022,13,-1830241
543,1,3320747,2894632,39,426115
544,4,800178,762032,40,38146
545,2,1107342,2918410,29,-1811068
546,5,3888258,2951666,15,936592
547,2,1108910,1839433,41,-730523
548,1,411312,653727,30,-242415
549,3,4565669,2482897,42,2082772
550,2,2268604,226233,79,2042371
551,3,4003733,1507909,81,2495824
552,2,4611059,2846661,43,1764398
553,4,2121157,270064,16,1851093
554,3,2781104,2682934,44,98170
555,3,3465316,2292923,32,1172393
556,2,1956309,470644,19,1485665
557,4,2345926,2781989,23,-436063
558,2,352731,2368870,85,-2016139
559,3,2663966,2398121,72,265845
560,3,4554023,2359783,23,2194240
561,2,544202,158858,59,385344
562,1,4785401,1817628,31,2967773
563,3,4298960,529485,19,3769475
564,1,4434685,829130,88,3605555
565,5,3411824,1208431,68,2203393
566,2,4510029,2268470,32,2241559
567,1,4414713,119983,23,4294730
568,2,1976205,2936761,88,-960556
569,4,4161797,836439,51,3325358
570,2,2512207,860860,18,1651347
571,3,2028615,1418326,19,610289
572,3,3805958,2319894,14,1486064
573,2,3116504,1298301,16,1818203
574,2,4086294,2945492,46,1140802
575,5,4841187,1387224,49,3453963
576,2,57917,2107272,70,-2049355
577,3,1260966,2885616,34,-1624650
578,4,63723,2840674,88,-2776951
579,5,4536365,2929297,20,1607068
580,3,2294647,2256175,54,38472
581,4,1786257,1091182,47,695075
582,1,2410277,367010,69,2043267
583,2,2673259,73643,10,2599616
584,4,757691,235781,17,521910
585,5,887423,67830,13,819593
586,2,4482755,2456236,10,2026519
587,5,2009476,1243626,20,765850
588,1,886399,1447848,10,-561449
589,1,1659485,1526699,22,132786
590,3,1817509,1278743,81,538766
591,4,2474083,385302,14,2088781
592,2,4031191,1610833,30,2420358
593,4,3432312,1511826,73,1920486
594,3,3703466,20578,73,3682888
595,5,3190373,2581452,83,608921
596,1,2668063,1975964,21,692099
597,4,4743529,2879542,14,1863987
598,5,394369,2633396,65,-2239027
599,3,2545948,1293908,42,1252040
600,1,3366773,1499744,19,1867029
601,2,1208694,1827343,36,-618649
602,2,1016494,285585,43,730909
603,2,3375902,47479,63,3328423
604,5,881896,2506430,53,-1624534
605,5,3110401,2835487,30,274914
606,4,1103448,409168,25,694280
607,4,551914,2521256,62,-1969342
608,3,2149523,531184,31,1618339
609,5,2740716,2767410,14,-26694
610,2,4961355,1570738,21,3390617
611,2,2396067,1875371,67,520696
612,3,4143730,1679491,37,2464239
613,5,3178105,2689199,33,488906
614,1,3308974,787531,17,2521443
615,4,1069868,58187,39,1011681
616,1,608554,1092445,42,-483891
617,1,4962320,1092469,26,3869851
618,1,3448613,528719,76,2919894
619,5,2380154,2041365,32,338789
620,2,3088429,1884862,88,1203567
621,1,1959530,1411790,41,547740
622,2,3279810,2687992,57,591818
623,3,3164284,2176912,66,987372
624,2,3781582,945859,79,2835723
625,3,1554226,1691171,41,-136945
626,4,3561296,2320832,54,1240464
627,1,3925455,1143698,18,2781757
628,5,1682585,1454939,17,227646
629,4,637756,1838612,42,-1200856
630,4,3937323,1295074,31,2642249
631,5,2159522,2947589,88,-788067
632,4,2732990,1161867,12,1571123
633,3,1850269,1017259,62,833010
634,3,4559417,2686189,60,1873228
635,1,811033,160493,45,650540
636,1,2246168,1632911,72,613257
637,5,1643121,2894826,32,-1251705
638,3,2349278,151108,56,2198170
639,2,3483573,741411,30,2742162
640,3,259427,765995,68,-506568
641,5,875160,2912081,28,-2036921
642,4,4253360,1353307,28,2900053
643,4,3644493,1043902,34,2600591
644,3,4803371,1162183,24,3641188
645,4,779854,2152137,45,-1372283
646,2,4339862,428144,18,3911718
647,5,1437455,664472,31,772983
648,1,487977,1290385,73,-802408
649,2,2120961,91814,27,2029147
650,1,945433,878144,53,67289
651,2,2115841,2800557,36,-684716
652,4,947902,1281823,76,-333921
653,1,4470808,2759812,46,1710996
654,3,4031907,771843,61,3260064
655,1,216160,2679432,67,-2463272
656,2,1748186,1883323,68,-135137
657,5,630442,2071377,34,-1440935
658,2,2814820,1874189,10,940631
659,2,3154750,1574310,11,1580440
660,5,3040942,734455,59,2306487
661,3,3905700,2811888,21,1093812
662,1,2827849,1881115,87,946734
663,3,2689775,2192162,62,497613
664,4,2220532,967918,34,1252614
665,2,3432497,672964,88,2759533
666,3,2541953,134909,64,2407044
667,2,2401648,552602,31,1849046
668,3,2229153,872363,14,1356790
669,4,2520638,89097,34,2431541
670,2,3128875,1915870,32,1213005
671,3,1255580,237055,16,1018525
672,5,3400630,2580073,87,820557
673,5,1575433,1946986,62,-371553
674,5,2544600,58951,77,2485649
675,1,3772269,2532273,83,1239996
676,2,2079757,2648092,57,-568335
677,2,1562696,2148236,33,-585540
678,1,4715224,1707183,42,3008041
679,5,2617607,570101,52,2047506
680,3,2545316,1718637,26,826679
681,4,4851549,2550208,23,2301341
682,5,2064372,2543839,81,-479467
683,4,3407100,1924393,76,1482707
684,3,4151445,2638255,64,1513190
685,2,1382348,646552,33,735796
686,2,3006358,1884881,77,1121477
687,2,1579987,2150660,80,-570673
688,4,1473938,391895,62,1082043
689,4,654394,65822,47,588572
690,5,4023176,1198271,55,2824905
691,2,2567898,1801633,33,766265
692,3,491635,1904722,34,-1413087
693,1,2732209,1004656,15,1727553
694,3,414406,2065893,26,-1651487
695,5,4549381,1374834,24,3174547
696,3,4169337,322152,39,3847185
697,2,943581,2976233,60,-2032652
698,3,4231990,2570714,19,1661276
699,3,4079927,785857,12,3294070
700,2,2705397,2956392,17,-250995
701,1,949810,1277283,76,-327473
702,1,1591942,1148543,39,443399
703,3,3527597,2831418,15,696179
704,1,1601477,2680386,32,-1078909
705,5,479983,1965903,75,-1485920
706,2,4183160,2507289,23,1675871
707,5,2017510,2916469,20,-898959
708,5,531916,469163,30,62753
709,1,2944864,1547491,78,1397373
710,3,1577239,2736661,63,-1159422
711,3,3755543,616626,62,3138917
712,5,1441719,2463597,32,-1021878
713,4,1720192,1061458,65,658734
714,4,1776746,52908,74,1723838
715,4,474962,1333806,13,-858844
716,5,1432983,2899959,29,-1466976
717,1,4258898,542048,69,3716850
718,1,4894066,1701116,14,3192950
719,3,2949981,1557895,39,1392086
720,4,4961970,2932107,84,2029863
721,5,566601,2130975,41,-1564374
722,1,2476786,2521019,69,-44233
723,2,4848320,1796178,38,3052142
724,2,391945,831028,39,-439083
725,1,3317527,2942565,43,374962
726,3,1458627,1974314,16,-515687
727,2,3295449,2638551,28,656898
728,2,529363,1523503,34,-994140
729,1,2476532,127422,16,2349110
730,1,428198,638881,34,-210683
731,5,2353370,101698,63,2251672
732,3,3673507,1574889,26,2098618
733,5,4991441,1174399,82,3817042
734,2,1218311,2436716,88,-1218405
735,4,649011,874180,31,-225169
736,1,4375969,1808521,19,2567448
737,2,4721882,1369033,75,3352849
738,4,4130642,2165005,54,1965637
739,4,1505234,1229711,50,275523
740,4,459240,1371178,15,-911938
741,3,3398451,898665,16,2499786
742,2,271412,208774,51,62638
743,5,2959878,1758021,87,1201857
744,5,717576,2050055,19,-1332479
745,4,2236992,1663444,61,573548
746,4,4375448,1467772,10,2907676
747,1,1424762,2323336,60,-898574
748,5,3428057,1683319,83,1744738
749,5,4146997,2704292,30,1442705
750,2,805049,1047634,35,-242585
751,1,1449597,1468711,27,-19114
752,5,626517,2610406,55,-1983889
753,4,181507,688058,73,-506551
754,5,1342218,76243,50,1265975
755,5,1911410,199799,22,1711611
756,5,2563973,768773,69,1795200
757,2,202046,1091087,41,-889041
758,5,3604457,861848,10,2742609
759,3,1794937,2673783,19,-878846
760,1,1144577,166765,36,977812
761,5,2959841,883307,34,2076534
762,4,4394014,709235,11,3684779
763,1,3676052,2367790,22,1308262
764,2,1406447,576585,76,829862
765,3,310107,2611726,50,-2301619
766,2,4737934,115233,27,4622701
767,5,3887368,164031,83,3723337
768,4,1546597,2080408,30,-533811
769,2,4787425,2749165,63,2038260
770,1,4857463,691335,82,4166128
771,4,989323,806938,81,182385
772,2,4056049,1081649,70,2974400
773,1,3353745,325457,54,3028288
774,2,1653840,1222942,69,430898
775,1,3190196,977369,61,2212827
776,1,1320832,123787,41,1197045
777,4,242919,1482184,78,-1239265
778,4,4445377,1014349,57,3431028
779,4,2972223,907457,32,2064766
780,4,3229457,2198677,15,1030780
781,4,3773357,125730,73,3647627
782,2,2671115,1000913,17,1670202
783,1,4546716,847694,65,3699022
784,3,1564667,2028910,22,-464243
785,3,2579392,631134,78,1948258
786,1,3668313,2728777,38,939536
787,3,3126829,89244,39,3037585
788,2,4391856,1173310,68,3218546
789,3,1479556,2363674,59,-884118
790,3,3253653,2169166,63,1084487
791,1,4969615,1589967,48,3379648
792,3,3589290,1146887,66,2442403
793,2,3604938,81729,60,3523209
794,3,3171789,201934,69,2969855
795,2,2405858,2703137,21,-297279
796,4,1554011,1954024,12,-400013
797,2,1516510,889871,83,626639
798,5,3573465,1056263,34,2517202
799,4,494818,579948,74,-85130
800,5,2637767,1752260,88,885507
801,2,1633922,1939530,79,-305608
802,1,4158885,1530638,14,2628247
803,2,2193287,101515,31,2091772
804,4,4346530,2761562,73,1584968
805,3,4867852,2158938,27,2708914
806,2,4476992,2587315,64,1889677
807,2,1955845,240886,60,1714959
808,2,3875644,298352,78,3577292
809,1,2906362,2002661,45,903701
810,2,2849802,1753729,69,1096073
811,4,4724205,1072465,84,3651740
812,4,710043,407227,46,302816
813,4,266011,2548488,10,-2282477
814,1,701048,1540104,23,-839056
815,4,4572449,1370680,13,3201769
816,3,3550277,2297536,43,1252741
817,4,3612961,2746511,78,866450
818,4,1302655,2601214,57,-1298559
819,2,1377401,1404626,37,-27225
820,3,2700094,151598,51,2548496
821,5,3614834,937135,77,2677699
822,5,2482692,438660,36,2044032
823,3,4622077,896699,18,3725378
824,3,629440,902607,49,-273167
825,2,4455977,2153846,24,2302131
826,4,4253495,2849162,54,1404333
827,4,3935472,1609683,46,2325789
828,4,1079704,326076,61,753628
829,5,3367253,2301978,59,1065275
830,1,824060,2803269,12,-1979209
831,1,4975142,467513,68,4507629
832,3,1796530,2179934,42,-383404
833,4,197622,1327482,44,-1129860
834,1,2015509,1646442,66,369067
835,2,469957,1200493,63,-730536
836,1,2250110,2431472,86,-181362
837,3,3445112,2010433,28,1434679
838,2,1957521,1304064,87,653457
839,4,3301274,268263,74,3033011
840,1,4053340,2425743,54,1627597
841,4,4155250,1086903,49,3068347
842,3,86100,2425309,83,-2339209
843,5,599868,585535,20,14333
844,2,171232,2468434,52,-2297202
845,5,4910462,2202768,78,2707694
846,3,3251362,2284703,34,966659
847,5,4629029,468710,23,4160319
848,5,2678396,1793153,11,885243
849,2,2197796,891755,24,1306041
850,2,1397915,1360247,47,37668
851,3,1984538,1308941,58,675597
852,2,3529358,2085524,54,1443834
853,2,4979255,2310020,33,2669235
854,5,4301172,434330,14,3866842
855,5,516277,1422082,18,-905805
856,4,1489104,1417664,62,71440
857,2,704293,402319,20,301974
858,4,4046333,2993804,23,1052529
859,1,2851784,498530,33,2353254
860,2,3355102,2575211,65,779891
861,1,1204774,1136838,43,67936
862,3,3455711,2464269,45,991442
863,2,2063564,881972,86,1181592
864,4,4234845,1299286,82,2935559
865,3,1034149,454698,44,579451
866,4,680400,2050929,66,-1370529
867,5,1934136,1292669,14,641467
868,1,3933061,1535907,76,2397154
869,3,1569788,535696,56,1034092
870,2,553392,944568,51,-391176
871,1,3794513,586354,84,3208159
872,3,3712860,2774796,80,938064
873,4,2580217,2581234,69,-1017
874,5,956970,736563,80,220407
875,1,4187936,284012,76,3903924
876,1,997479,2479888,16,-1482409
877,5,198545,315383,75,-116838
878,2,1093094,1792840,77,-699746
879,1,2359283,1621290,46,737993
880,2,205063,1123800,17,-918737
881,5,2357910,117635,37,2240275
882,5,3047197,173963,52,2873234
883,3,4820045,975246,35,3844799
884,3,3823009,2059943,74,1763066
885,4,4738027,568466,69,4169561
886,2,4881931,1405609,80,3476322
887,4,2851414,998309,17,1853105
888,2,4669424,1263687,21,3405737
889,1,1165597,2264923,47,-1099326
890,2,4919154,2559504,77,2359650
891,3,3696984,49923,68,3647061
892,4,4282301,2791859,48,1490442
893,4,505821,820696,75,-314875
894,4,4910846,1950752,31,2960094
895,4,831464,40837,11,790627
896,4,2189760,923057,62,1266703
897,1,375633,2951016,87,-2575383
898,3,121733,305672,86,-183939
899,5,2397935,1473033,22,924902
900,1,1759242,968895,82,790347
901,4,4496459,2240365,46,2256094
902,1,4936194,609907,55,4326287
903,3,1478584,2596055,87,-1117471
904,3,4930054,1497923,72,3432131
905,5,3748843,2428010,35,1320833
906,4,871707,2899507,57,-2027800
907,1,4901071,2657027,39,2244044
908,2,3117576,936761,42,2180815
909,2,3404340,2042401,39,1361939
910,4,778083,1933266,77,-1155183
911,3,2449328,2019280,47,430048
912,4,2259925,1436859,45,823066
913,2,1849201,110118,35,1739083
914,1,1862548,775012,42,1087536
915,5,4311987,665878,83,3646109
916,5,3152282,2609853,61,542429
917,3,363355,1473368,73,-1110013
918,5,2958992,135755,64,2823237
919,2,4282172,614191,30,3667981
920,4,2924961,814710,32,2110251
921,4,527948,1921868,76,-1393920
922,4,3001711,1331532,77,1670179
923,1,2929585,602002,70,2327583
924,1,4326541,929333,46,3397208
925,2,2587115,2469299,66,117816
926,5,2557397,1761128,55,796269
927,2,67492,1159295,59,-1091803
928,3,183959,174376,31,9583
929,2,741979,1851482,31,-1109503
930,5,762988,1492973,10,-729985
931,5,4048137,2244083,86,1804054
932,5,2111112,610398,20,1500714
933,1,2191405,1098770,67,1092635
934,2,3821626,627076,41,3194550
935,4,4037353,2882468,60,1154885
936,5,3899368,2433825,37,1465543
937,5,1379305,300985,37,1078320
938,2,3656188,1778656,23,1877532
939,5,401459,2668651,39,-2267192
940,4,4667762,1542010,88,3125752
941,4,1613820,1320540,44,293280
942,4,2884950,2150678,65,734272
943,5,4471890,2143068,88,2328822
944,4,4408708,1818843,25,2589865
945,5,1757301,1800943,78,-43642
946,3,1482683,2757717,39,-1275034
947,4,2115540,1808136,35,307404
948,5,652291,1924862,11,-1272571
949,5,1482135,1519362,70,-37227
950,1,1157524,1347798,89,-190274
951,4,2734371,2785842,58,-51471
952,3,3300692,2632746,29,667946
953,1,941371,1074481,31,-133110
954,4,2988892,717032,70,2271860
955,3,3777560,1508975,35,2268585
956,5,4258940,2408988,74,1849952
957,2,1159401,165482,16,993919
958,1,4940165,2520563,83,2419602
959,1,2507275,736507,36,1770768
960,5,2391258,926528,81,1464730
961,2,710596,2119322,17,-1408726
962,4,4846309,672572,45,4173737
963,2,1115750,1114647,62,1103
964,3,2288060,2427516,34,-139456
965,5,4366282,1789848,17,2576434
966,1,2062667,41902,59,2020765
967,2,1344482,643048,19,701434
968,3,4026454,2711865,59,1314589
969,5,2205059,840483,71,1364576
970,3,2288225,994507,61,1293718
971,4,166112,248289,10,-82177
972,1,1527531,443192,73,1084339
973,3,3053357,1466510,44,1586847
974,1,4410670,2225089,70,2185581
975,5,2574332,2132404,50,441928
976,5,3936029,2337214,46,1598815
977,5,3130943,718462,12,2412481
978,3,4621165,692444,52,3928721
979,3,670925,1356810,39,-685885
980,1,4146477,543715,83,3602762
981,4,3447343,664388,72,2782955
982,4,2086920,1172376,20,914544
983,1,785062,2359412,39,-1574350
984,2,2684992,2834740,89,-149748
985,3,3016230,1170728,64,1845502
986,3,312868,484308,33,-171440
987,4,2602915,799286,21,1803629
988,2,3005411,65833,49,2939578
989,5,4302114,771114,75,3531000
990,2,4422583,2361827,40,2060756
991,2,2534795,2137378,80,397417
992,4,973606,2941798,54,-1968192
993,1,3861963,622333,54,3239630
994,2,1612193,2108658,75,-496465
995,4,177254,1510530,40,-1333276
996,3,4348132,122758,85,4225374
997,2,3723690,1249035,36,2474655
998,1,2968112,27350,23,2940762
999,2,72050,388814,48,-316764
1000,3,3114437,573004,78,2541433
1001,2,4722922,2347892,68,2375030
1002,1,1101660,2047236,39,-945576
1003,3,2928787,566620,89,2362167
1004,4,4629689,2875005,63,1754684
1005,5,3408434,831678,33,2576756
1006,5,1249867,2475175,69,-1225308
1007,1,4153186,2685665,11,1467521
1008,5,1039477,510485,61,528992
1009,4,1423707,115973,57,1307734
1010,2,1451202,1197868,19,253334
1011,3,1023447,30151,40,993296
1012,2,583693,171284,63,412409
1013,1,4726579,886272,47,3840307
1014,3,1910123,2738727,55,-828604
1015,5,2690756,732687,58,1958069
1016,5,423806,1666752,52,-1242946
1017,5,1995524,1360139,26,635385
1018,1,2390111,1818598,85,571513
1019,2,3370235,549909,34,2820326
1020,5,3786384,2698357,33,1088027
1021,5,3407697,2177098,65,1230599
1022,1,4455378,2969706,54,1485672
1023,1,1996233,1245695,50,750538
1024,4,3859341,677378,86,3181963
1025,2,1231245,756538,27,474707
1026,1,1868841,829134,82,1039707
1027,5,609470,2576744,79,-1967274
1028,5,1074442,677442,57,397000
1029,4,1825836,1924986,18,-99150
1030,3,3501808,54284,31,3447524
1031,4,998732,1643049,19,-644317
1032,3,1725444,2172041,20,-446597
1033,4,1312952,2629678,23,-1316726
1034,3,2765574,674419,59,2091155
1035,5,1282388,1216773,17,65615
1036,3,4264113,2464814,34,1799299
1037,4,2504876,2719521,68,-214645
1038,3,4440549,1014627,35,3425922
1039,2,1971965,58598,63,1913367
1040,4,4182573,473595,73,3708978
1041,3,738872,50888,69,687984
1042,4,896491,1990996,34,-1094505
1043,1,2041460,2242507,35,-201047
1044,5,4296958,979586,20,3317372
1045,2,2282047,595459,49,1686588
1046,2,4428403,1675108,29,2753295
1047,5,3299721,301661,49,2998060
1048,1,475800,1525914,66,-1050114
1049,1,840477,1304884,76,-464407
1050,2,2293465,2308623,60,-15158
1051,4,2665859,261926,31,2403933
1052,1,313000,2181758,11,-1868758
1053,4,2899900,2221195,80,678705
1054,2,4727521,373036,33,4354485
1055,5,413998,2275891,17,-1861893
1056,2,1929154,2331241,37,-402087
1057,1,3604835,2404720,10,1200115
1058,2,2341473,1697103,56,644370
1059,2,1161161,1142545,52,18616
1060,5,4506757,1746146,67,2760611
1061,5,2653625,1842202,43,811423
1062,3,1309907,1356370,65,-46463
1063,5,940082,2427691,44,-1487609
1064,4,568127,52953,21,515174
1065,4,3593181,2164127,24,1429054
1066,5,3120306,1179495,32,1940811
1067,5,3677065,1508288,67,2168777
1068,5,3594548,251317,17,3343231
1069,1,661691,2822503,18,-2160812
1070,4,1949627,2038296,16,-88669
1071,2,2616937,2099931,74,517006
1072,4,1578838,2667888,17,-1089050
1073,1,103561,2621388,20,-2517827
1074,1,952660,2385936,62,-1433276
1075,2,1750038,1503648,41,246390
1076,3,1770806,1277886,80,492920
1077,3,4671035,1919026,29,2752009
1078,1,4470409,1263438,24,3206971
1079,2,3073354,1982258,35,1091096
1080,3,3265047,619489,16,2645558
1081,2,4381663,1407274,28,2974389
1082,3,2031927,2293607,65,-261680
1083,2,3786281,745252,25,3041029
1084,4,1881075,2124971,33,-243896
1085,2,4525952,716909,53,3809043
1086,2,584101,1922046,42,-1337945
1087,5,483070,1900679,61,-1417609
1088,1,423050,1467702,54,-1044652
1089,4,919932,1337252,42,-417320
1090,2,4769023,1649510,47,3119513
1091,5,4707830,1145698,20,3562132
1092,5,2554319,2882230,72,-327911
1093,1,2568197,816411,84,1751786
1094,4,1345542,1283794,28,61748
1095,3,205011,2415404,30,-2210393
1096,2,1967047,2272682,20,-305635
1097,3,56530,713042,35,-656512
1098,1,123513,436668,85,-313155
1099,3,1641252,1333491,31,307761
1100,1,1909376,2580780,32,-671404
1101,5,1891863,2795571,89,-903708
1102,1,799682,2954642,80,-2154960
1103,4,123660,2659407,87,-2535747
1104,2,2137507,1022118,74,1115389
1105,3,1500781,435977,31,1064804
1106,5,4977469,534043,65,4443426
1107,4,4999415,493761,65,4505654
1108,1,1845853,2570416,62,-724563
1109,4,3430801,2501585,28,929216
1110,3,521600,414916,45,106684
1111,2,3843085,418908,24,3424177
1112,1,2741740,1046575,31,1695165
1113,5,946899,591562,66,355337
1114,3,335412,537295,41,-201883
1115,1,980293,1938138,38,-957845
1116,4,4504762,1257835,55,3246927
1117,5,501601,2927836,20,-2426235
1118,2,3877822,2054476,15,1823346
1119,5,2244184,863860,39,1380324
1120,1,1858912,1168500,23,690412
1121,5,4234458,2288207,70,1946251
1122,3,3874622,660289,21,3214333
1123,3,1089771,755458,88,334313
1124,2,2418613,1052590,73,1366023
1125,5,4176840,1278904,13,2897936
1126,3,3797469,2623511,68,1173958
1127,4,4389721,527225,74,3862496
1128,4,4282260,2977223,63,1305037
1129,2,770613,1236212,66,-465599
1130,3,889264,2977266,23,-2088002
1131,5,2427330,476344,41,1950986
1132,5,616353,369336,36,247017
1133,4,891200,1130700,22,-239500
1134,1,102673,855624,70,-752951
1135,4,1018256,2156769,49,-1138513
1136,5,3298471,2194106,42,1104365
1137,3,230023,2431023,29,-2201000
1138,3,2140597,2602391,57,-461794
1139,3,2656374,108687,58,2547687
1140,1,1048177,2887155,78,-1838978
1141,1,4793435,1988590,67,2804845
1142,1,3187073,358377,46,2828696
1143,3,3661951,815045,89,2846906
1144,2,1555655,2527664,47,-972009
1145,5,1632023,199105,73,1432918
1146,3,4458526,954929,66,3503597
1147,2,936652,939415,38,-2763
1148,3,2529744,1603543,83,926201
1149,4,66703,295102,32,-228399
1150,1,482922,694919,68,-211997
1151,1,1882679,2648051,65,-765372
1152,5,4834375,1824110,57,3010265
1153,5,3710304,775839,24,2934465
1154,5,3316501,272160,50,3044341
1155,4,418204,553235,81,-135031
1156,2,3871770,1314579,83,2557191
1157,2,3099524,514846,26,2584678
1158,1,362103,2034576,60,-1672473
1159,2,1355806,1828335,72,-472529
1160,5,517230,54308,17,462922
1161,2,4135069,1408007,79,2727062
1162,3,3686107,2889173,83,796934
1163,1,1320847,438560,49,882287
1164,1,652999,204626,49,448373
1165,5,63629,2594278,58,-2530649
1166,4,4512514,2701144,85,1811370
1167,3,1886073,1438579,54,447494
1168,4,1626043,2780101,10,-1154058
1169,4,1550384,2042479,41,-492095
1170,5,2928602,1723007,56,1205595
1171,2,3431196,729521,12,2701675
1172,1,1844803,1975230,24,-130427
1173,5,1839792,1076385,69,763407
1174,1,1855994,1499820,84,356174
1175,4,3080280,2857535,69,222745
1176,1,3423971,2490207,35,933764
1177,5,527052,1459099,55,-932047
1178,4,4727472,515574,44,4211898
1179,1,1858392,951162,24,907230
1180,2,4225429,2992458,78,1232971
1181,4,3455536,703604,11,2751932
1182,1,3759434,1369031,84,2390403
1183,1,191351,2659537,52,-2468186
1184,3,2298581,2258232,44,40349
1185,4,4086809,134382,71,3952427
1186,3,1952465,2163780,10,-211315
1187,3,2749616,180178,29,2569438
1188,5,4457416,1161354,64,3296062
1189,2,3727761,2553317,31,1174444
1190,2,1006724,1408600,35,-401876
1191,4,1033746,771601,83,262145
1192,5,423067,518826,42,-95759
1193,3,1503067,2789697,63,-1286630
1194,2,1913907,1301958,27,611949
1195,4,866267,1578100,35,-711833
1196,4,1848992,40172,14,1808820
1197,5,1345505,2528303,21,-1182798
1198,3,1592148,2362740,72,-770592
1199,5,2338654,1520558,14,818096
1200,5,1409434,2292580,29,-883146
1201,1,4503491,597989,16,3905502
1202,2,2640571,2704909,12,-64338
1203,4,809525,229889,43,579636
1204,5,421039,2898150,16,-2477111
1205,1,3242576,446138,36,2796438
1206,2,2719158,2001739,66,717419
1207,4,87567,690251,17,-602684
1208,2,2926054,49584,56,2876470
1209,4,2348365,746138,52,1602227
1210,3,3868677,1839025,13,2029652
1211,4,3217471,2167805,30,1049666
1212,1,2658875,968860,74,1690015
1213,1,4841506,48218,43,4793288
1214,2,3663271,1093315,63,2569956
1215,1,3334187,1524857,23,1809330
1216,1,3551078,164479,24,3386599
1217,5,2657764,2982387,73,-324623
1218,1,3639894,1208294,51,2431600
1219,2,1134343,2050399,56,-916056
1220,3,1437640,1348757,82,88883
1221,2,1982767,491329,36,1491438
1222,1,1807393,2652591,22,-845198
1223,5,2217147,2893914,59,-676767
1224,3,3174534,629777,51,2544757
1225,3,2820303,468680,70,2351623
1226,5,3304715,2477276,23,827439
1227,2,3806498,1464028,16,2342470
1228,1,4547738,1749394,84,2798344
1229,2,4078654,1983220,86,2095434
1230,2,145271,2289104,76,-2143833
1231,4,3154862,1671402,48,1483460
1232,5,504935,2554490,66,-2049555
1233,4,3630592,1282996,15,2347596
1234,1,3203398,593149,35,2610249
1235,4,861499,2443049,64,-1581550
1236,5,2344583,49417,46,2295166
1237,2,1541814,1065074,84,476740
1238,4,2762622,1570605,84,1192017
1239,1,2937800,1941585,61,996215
1240,5,4151013,2558916,85,1592097
1241,2,4306668,1975656,12,2331012
1242,2,1781589,1771260,10,10329
1243,4,1978456,2121843,58,-143387
1244,4,2186443,2041546,39,144897
1245,1,1919195,2609887,79,-690692
1246,5,2280926,2707587,71,-426661
1247,4,2757594,231526,21,2526068
1248,2,2077466,632334,24,1445132
1249,3,599355,361936,68,237419
1250,4,2305007,1694332,75,610675
1251,1,1013951,768133,37,245818
1252,5,217373,1566214,67,-1348841
1253,5,1046022,474037,55,571985
1254,3,3445241,2863779,18,581462
1255,1,1418730,435035,16,983695
1256,4,1169960,977994,22,191966
1257,1,3905761,2371173,63,1534588
1258,3,3863650,66952,86,3796698
1259,1,4824208,92075,52,4732133
1260,3,4638564,2573035,19,2065529
1261,2,1648332,769714,35,878618
1262,4,3646614,1692399,42,1954215
1263,5,2199023,2255929,50,-56906
1264,2,1803610,1987705,83,-184095
1265,5,4038234,2479460,19,1558774
1266,4,461702,1057046,65,-595344
1267,5,477802,369760,12,108042
1268,2,4096325,2803047,57,1293278
1269,3,628884,2168548,15,-1539664
1270,1,3524039,2745208,59,778831
1271,1,1540270,2820468,38,-1280198
1272,4,3610602,1825232,83,1785370
1273,1,436982,1947796,10,-1510814
1274,2,2010725,2607913,67,-597188
1275,5,4767886,224963,63,4542923
1276,5,1827946,393724,36,1434222
1277,3,708948,1825972,68,-1117024
1278,4,4662200,2223324,89,2438876
1279,1,695116,2143318,72,-1448202
1280,4,1138158,1941817,51,-803659
1281,2,1113406,1655398,26,-541992
1282,2,3392481,521267,23,2871214
1283,3,388033,2680866,37,-2292833
1284,5,4026568,1509209,13,2517359
1285,3,3437373,1021090,51,2416283
1286,4,1320024,2200409,80,-880385
1287,3,4947919,1276931,67,3670988
1288,1,3154055,1493106,48,1660949
1289,2,3679213,507876,13,3171337
1290,3,455010,800384,82,-345374
1291,4,1089246,1141655,12,-52409
1292,3,638862,401504,55,237358
1293,1,126585,671320,77,-544735
1294,2,2836180,992731,83,1843449
1295,2,2104164,2742709,10,-638545
1296,4,4754999,1038427,64,3716572
1297,4,4766515,1872441,27,2894074
1298,5,3485466,2049588,12,1435878
1299,5,3602176,2779635,27,822541
1300,5,3377826,2260116,57,1117710
1301,1,845109,1088040,88,-242931
1302,5,2000672,1572197,79,428475
1303,1,4863667,2875336,35,1988331
1304,5,4774789,140157,54,4634632
1305,2,2721766,2286754,13,435012
1306,1,4586399,21424,39,4564975
1307,1,1818419,1238338,47,580081
1308,5,1354291,2725529,42,-1371238
1309,4,3119780,2018124,43,1101656
1310,3,1243097,845970,24,397127
1311,2,3164376,804742,17,2359634
1312,1,1545180,2039787,46,-494607
1313,3,2244444,2940290,14,-695846
1314,1,3385761,1698372,33,1687389
1315,1,2558847,1737630,31,821217
1316,3,4039184,801620,62,3237564
1317,2,4218144,984040,12,3234104
1318,3,4777781,208947,69,4568834
1319,2,2730575,92333,39,2638242
1320,1,331585,950813,86,-619228
1321,2,3821484,2094353,26,1727131
1322,2,2303095,1871855,87,431240
1323,3,4346092,1428472,21,2917620
1324,2,4764525,2557551,58,2206974
1325,2,4239029,1390312,34,2848717
1326,3,4968968,2210411,30,2758557
1327,4,3006695,512754,15,2493941
1328,3,3105588,1968033,75,1137555
1329,5,4394450,1767440,21,2627010
1330,4,2999444,2459337,45,540107
1331,1,2642326,963967,75,1678359
1332,4,4398081,1021070,60,3377011
1333,1,4693277,2670226,32,2023051
1334,1,52600,2897735,57,-2845135
1335,1,3945914,613790,68,3332124
1336,2,1044334,2012624,29,-968290
1337,3,3968168,680635,18,3287533
1338,1,2920879,1709653,54,1211226
1339,4,1534722,325974,28,1208748
1340,2,3574170,2114236,27,1459934
1341,4,1727652,2430814,15,-703162
1342,5,1736660,1539304,39,197356
1343,3,2688827,2863414,34,-174587
1344,2,4644864,2371614,18,2273250
1345,1,492983,1716371,18,-1223388
1346,2,662104,2505221,66,-1843117
1347,2,470660,2021518,32,-1550858
1348,3,1890072,2934317,85,-1044245
1349,3,4998827,1425567,10,3573260
1350,5,3532291,2840301,14,691990
1351,5,2075998,2893137,44,-817139
1352,3,3287364,949486,58,2337878
1353,4,107073,2643348,23,-2536275
1354,3,1257434,424973,56,832461
1355,4,1108825,2547453,30,-1438628
1356,3,4335383,2092407,74,2242976
1357,1,2291656,2478114,54,-186458
1358,5,4540934,2013540,63,2527394
1359,4,1071625,1965680,16,-894055
1360,5,3959691,1011942,64,2947749
1361,5,4130737,1783306,44,2347431
1362,1,1711043,2457697,48,-746654
1363,3,2222935,1516934,29,706001
1364,1,3064219,1349878,84,1714341
1365,4,2755198,2256326,75,498872
1366,5,4149109,2934455,27,1214654
1367,5,3538569,2723946,58,814623
1368,3,2294378,2679844,17,-385466
1369,1,1769327,1363198,65,406129
1370,3,4493462,2717853,58,1775609
1371,2,3984831,153871,74,3830960
1372,5,3660959,1157304,10,2503655
1373,1,1320911,1406800,78,-85889
1374,4,1649916,1085292,50,564624
1375,1,2285999,601762,64,1684237
1376,4,3617120,2432399,83,1184721
1377,4,3240312,2830553,10,409759
1378,5,3942615,2878002,89,1064613
1379,3,2987912,516999,83,2470913
1380,3,3218854,2678411,44,540443
1381,5,2290575,2823116,48,-532541
1382,1,338996,2708362,38,-2369366
1383,4,416204,1384264,66,-968060
1384,3,909850,868055,85,41795
1385,5,3753281,823934,45,2929347
1386,1,2506337,1207765,42,1298572
1387,4,999970,1941814,15,-941844
1388,2,3884989,2411681,34,1473308
1389,5,1212173,2519331,82,-1307158
1390,5,53281,236920,40,-183639
1391,2,3817913,300894,11,3517019
1392,3,3329800,2880292,67,449508
1393,4,1210575,796361,23,414214
1394,2,3505103,1714346,35,1790757
1395,1,1846543,1839520,16,7023
1396,2,109291,2385358,36,-2276067
1397,3,2102135,2930853,36,-828718
1398,5,4916603,717026,32,4199577
1399,3,425068,64842,31,360226
1400,5,895321,598218,18,297103
1401,5,4730543,2339026,85,2391517
1402,5,327731,1606103,10,-1278372
1403,2,4685746,1036407,26,3649339
1404,1,4875752,185608,51,4690144
1405,1,823658,2344930,64,-1521272
1406,4,469577,2234183,81,-1764606
1407,2,4547934,1870347,22,2677587
1408,5,4981539,678043,56,4303496
1409,4,3981575,1804832,24,2176743
1410,1,1650278,991396,60,658882
1411,2,4653781,2036242,64,2617539
1412,2,3499098,334864,54,3164234
1413,3,3949252,2784327,70,1164925
1414,2,1376990,954949,21,422041
1415,2,2390469,327281,61,2063188
1416,2,4536199,2985869,56,1550330
1417,5,4347427,2544856,56,1802571
1418,5,3271086,1647096,41,1623990
1419,3,2343598,711748,13,1631850
1420,2,1928759,2421829,65,-493070
1421,2,95221,2920277,76,-2825056
1422,3,3700424,664484,76,3035940
1423,5,946079,1231366,43,-285287
1424,4,889986,638006,68,251980
1425,3,2488377,2097276,11,391101
1426,3,3256932,2373512,26,883420
1427,3,2549168,1021422,80,1527746
1428,3,1661350,2900091,55,-1238741
1429,4,4129423,2361385,17,1768038
1430,4,2104752,854906,42,1249846
1431,3,1324557,1913994,62,-589437
1432,5,4503994,1699310,12,2804684
1433,5,4117433,1859953,86,2257480
1434,4,4037477,2917948,78,1119529
1435,1,3098123,2847018,73,251105
1436,5,2341089,2195461,49,145628
1437,1,2151691,2465506,62,-313815
1438,3,576686,932728,30,-356042
1439,2,1303226,2153513,16,-850287
1440,4,2673377,1308201,45,1365176
1441,1,4271344,2271400,55,1999944
1442,1,2464070,292728,12,2171342
1443,4,3177546,2379807,49,797739
1444,1,1957098,1601114,58,355984
1445,5,3691720,1984552,72,1707168
1446,2,2262902,2589457,49,-326555
1447,5,1829247,2523191,84,-693944
1448,2,1089472,2099201,60,-1009729
1449,4,3601139,2131703,23,1469436
1450,5,1541867,2040315,47,-498448
1451,4,1909068,924422,86,984646
1452,5,3001899,2812301,61,189598
1453,4,1103963,2786598,57,-1682635
1454,5,3530186,2586660,31,943526
1455,5,512664,2842146,31,-2329482
1456,4,3586508,2964349,33,622159
1457,3,844032,1308240,50,-464208
1458,1,325394,2400057,58,-2074663
1459,4,3301415,1608573,65,1692842
1460,5,848793,2260716,72,-1411923
1461,5,2534985,426574,11,2108411
1462,1,1303289,2247231,81,-943942
1463,3,4711662,1980498,23,2731164
1464,3,4672364,1124851,67,3547513
1465,1,1447990,2045971,69,-597981
1466,3,4196397,275797,47,3920600
1467,5,3414235,992135,23,2422100
1468,5,143626,1198633,67,-1055007
1469,4,290159,1127263,25,-837104
1470,1,1004235,1547697,46,-543462
1471,5,1985499,1812487,61,173012
1472,1,3085366,2279112,41,806254
1473,2,2692645,2947513,51,-254868
1474,1,4223853,2582742,70,1641111
1475,3,3863149,1017993,20,2845156
1476,1,885168,369156,31,516012
1477,3,437598,74027,25,363571
1478,1,1232533,2791558,15,-1559025
1479,1,1528781,2080445,55,-551664
1480,3,956453,1372232,71,-415779
1481,1,4255807,1422562,78,2833245
1482,1,3154564,2649974,22,504590
1483,3,1017665,560595,44,457070
1484,1,3574244,1545578,78,2028666
1485,3,2063144,2931423,82,-868279
1486,4,2899593,466873,55,2432720
1487,3,3426006,1922572,29,1503434
1488,3,3686124,1135310,19,2550814
1489,3,3324110,470159,14,2853951
1490,3,1979497,2427577,24,-448080
1491,1,3589365,2461998,39,1127367
1492,2,586310,686381,79,-100071
1493,4,1100758,478775,46,621983
1494,5,3887451,124664,51,3762787
1495,3,330737,904867,29,-574130
1496,2,3330133,2677539,19,652594
1497,1,789685,95435,14,694250
1498,4,2556699,2564815,40,-8116
1499,2,2523841,321402,36,2202439
1500,3,1771322,2151823,51,-380501
1501,5,3769015,2565372,17,1203643
1502,2,2127265,2017785,24,109480
1503,4,648185,2225307,16,-1577122
1504,3,3793403,1003943,15,2789460
1505,3,842788,1741397,14,-898609
1506,4,919011,855748,76,63263
1507,3,4583142,1731327,52,2851815
1508,5,4500659,1084940,45,3415719
1509,5,817911,739471,43,78440
1510,5,747877,114649,43,633228
1511,1,2312698,837769,50,1474929
1512,5,4030056,2180806,59,1849250
1513,4,564077,792167,44,-228090
1514,3,4081400,2164188,35,1917212
1515,1,418072,1590974,33,-1172902
1516,1,3967144,2917843,58,1049301
1517,2,880753,581703,84,299050
1518,2,4190108,532935,27,3657173
1519,4,2038976,675859,30,1363117
1520,5,275551,257923,71,17628
1521,1,614991,2276764,53,-1661773
1522,4,1596387,1604936,40,-8549
1523,4,3299356,2144660,20,1154696
1524,3,1929911,864630,38,1065281
1525,1,2598205,2892990,85,-294785
1526,3,3795325,2083985,79,1711340
1527,4,1717094,532582,86,1184512
1528,3,3085750,1863820,74,1221930
1529,4,4213429,622042,85,3591387
1530,5,4964637,278602,33,4686035
1531,5,4758409,957362,76,3801047
1532,4,1292846,1166775,68,126071
1533,4,2554989,2996634,63,-441645
1534,2,2764473,2365204,19,399269
1535,4,2425245,2766702,28,-341457
1536,4,3472223,1030754,49,2441469
1537,5,1350440,2677428,29,-1326988
1538,1,4117342,1542927,54,2574415
1539,5,3205261,187800,64,3017461
1540,2,4552256,930885,16,3621371
1541,1,4954876,350520,12,4604356
1542,4,1106066,2179732,52,-1073666
1543,2,3627427,2000509,49,1626918
1544,1,4069472,1359644,79,2709828
1545,3,4436371,2122368,57,2314003
1546,2,4731809,1417938,57,3313871
1547,2,4548506,487373,11,4061133
1548,5,2562854,1030123,58,1532731
1549,2,350060,2531821,65,-2181761
1550,2,4564674,1240218,35,3324456
1551,1,2947927,2194436,60,753491
1552,1,1060867,2128340,41,-1067473
1553,2,3664989,728525,45,2936464
1554,5,2010439,2018115,85,-7676
1555,5,263076,2266612,88,-2003536
1556,2,909662,1562659,66,-652997
1557,1,3855952,1246386,60,2609566
1558,5,1036959,1464727,61,-427768
1559,1,3545309,124707,55,3420602
1560,1,96548,1796139,57,-1699591
1561,1,1826644,1886763,53,-60119
1562,4,4063718,228982,78,3834736
1563,3,2610170,57543,52,2552627
1564,3,4407463,1535622,63,2871841
1565,3,2941541,2663112,74,278429
1566,4,779195,1458133,39,-678938
1567,1,987689,2819074,25,-1831385
1568,5,4822958,2836602,31,1986356
1569,3,4549434,808034,43,3741400
1570,2,3203038,1732118,51,1470920
1571,2,3840796,1767829,12,2072967
1572,4,4129193,1147866,64,2981327
1573,3,3434973,1540527,17,1894446
1574,1,837852,2038569,65,-1200717
1575,1,3948266,2907699,87,1040567
1576,3,4884890,1521652,26,3363238
1577,4,3968429,2666490,25,1301939
1578,1,2511827,1392219,62,1119608
1579,4,2740874,1403353,59,1337521
1580,5,2939246,2489382,72,449864
1581,3,126061,1850977,15,-1724916
1582,1,3229227,904974,10,2324253
1583,3,3629222,1035653,39,2593569
1584,4,1438110,2148915,87,-710805
1585,5,4235989,419474,71,3816515
1586,2,769561,212190,72,557371
1587,4,3355238,227910,83,3127328
1588,3,3279958,1071237,56,2208721
1589,5,394336,528067,59,-133731
1590,5,3659678,2960694,38,698984
1591,2,3416188,1214019,78,2202169
1592,1,2451279,2983778,21,-532499
1593,4,3997951,193193,62,3804758
1594,4,4601476,1696652,68,2904824
1595,2,1172237,449861,53,722376
1596,4,4846014,1622173,19,3223841
1597,5,1566449,2683288,22,-1116839
1598,2,291193,1239952,39,-948759
1599,2,2340547,857709,36,1482838
1600,4,1901126,2624866,42,-723740
1601,2,3897756,345792,40,3551964
1602,3,396260,2426699,44,-2030439
1603,4,3256427,89832,48,3166595
1604,4,2155175,2536786,86,-381611
1605,5,3999981,1121220,84,2878761
1606,5,1818714,363507,60,1455207
1607,1,2842796,1771667,21,1071129
1608,4,1428205,907190,84,521015
1609,2,3382850,1626154,49,1756696
1610,1,833240,2404581,54,-1571341
1611,4,2351801,814321,34,1537480
1612,2,1019782,312399,76,707383
1613,4,3602159,271438,77,3330721
1614,2,987018,1472685,22,-485667
1615,5,3226583,1986172,38,1240411
1616,5,1539587,811396,49,728191
1617,1,3888568,1784062,48,2104506
1618,2,4119778,2145019,42,1974759
1619,5,277616,854120,49,-576504
1620,3,4096558,2905710,64,1190848
1621,3,2141020,1855077,54,285943
1622,2,1495182,1120602,10,374580
1623,1,1585164,2029439,58,-444275
1624,2,3455694,1038706,45,2416988
1625,2,3450138,2232890,78,1217248
1626,1,3329899,2619125,72,710774
1627,2,1759458,2611926,34,-852468
1628,5,1204232,472409,51,731823
1629,1,3934497,1272845,44,2661652
1630,2,4311719,819152,42,3492567
1631,4,4412522,884532,65,3527990
1632,3,1568900,236917,86,1331983
1633,1,1702868,554333,43,1148535
1634,1,891659,1409982,31,-518323
1635,2,2716852,1052451,25,1664401
1636,5,3902871,2487749,36,1415122
1637,5,2528056,2484826,37,43230
1638,1,341636,2199615,21,-1857979
1639,3,1476258,1352087,53,124171
1640,4,2791542,2447233,24,344309
1641,1,4716704,2790880,53,1925824
1642,5,1467376,2752215,70,-1284839
1643,1,1627706,587945,89,1039761
1644,4,4791389,1502902,23,3288487
1645,2,1090760,1251555,87,-160795
1646,4,750822,2207701,73,-1456879
1647,2,3879336,1711238,44,2168098
1648,2,4239253,2828398,18,1410855
1649,4,1536003,45658,55,1490345
1650,1,4759484,362408,39,4397076
1651,2,3162378,2189921,25,972457
1652,4,361056,1441812,18,-1080756
1653,4,4573001,1956893,83,2616108
1654,5,1781428,455919,12,1325509
1655,2,3352428,2557251,65,795177
1656,1,2895118,555893,87,2339225
1657,4,1185334,1154745,53,30589
1658,4,1552429,1047915,25,504514
1659,3,2922553,147597,45,2774956
1660,1,274752,2627613,87,-2352861
1661,1,838144,829631,33,8513
1662,2,4099004,1012503,44,3086501
1663,2,4231142,161684,48,4069458
1664,4,2083229,792801,19,1290428
1665,2,2607213,2216856,70,390357
1666,1,3046534,2992385,66,54149
1667,5,2701265,1219182,33,1482083
1668,3,1627197,1847969,22,-220772
1669,5,3675455,2031661,12,1643794
1670,1,3811376,2714639,86,1096737
1671,5,3976161,2500977,44,1475184
1672,5,3437279,688664,65,2748615
1673,2,4380106,2919605,21,1460501
1674,4,4998278,1289649,70,3708629
1675,2,3846711,1347184,22,2499527
1676,2,399641,2675816,47,-2276175
1677,1,2439503,664008,69,1775495
1678,4,901084,45244,59,855840
1679,5,1743432,996109,12,747323
1680,5,3113125,1528034,35,1585091
1681,2,3515249,38768,35,3476481
1682,1,3906754,91036,85,3815718
1683,4,3885638,1693599,46,2192039
1684,4,2878324,2616286,17,262038
1685,2,1858601,311005,47,1547596
1686,2,3588374,2359000,82,1229374
1687,5,2688837,964049,76,1724788
1688,3,4541052,20591,46,4520461
1689,1,3609808,447176,28,3162632
1690,1,3277977,2306458,55,971519
1691,4,2286401,961425,40,1324976
1692,1,2687346,1408087,34,1279259
1693,3,93323,2308273,36,-2214950
1694,5,735643,1155131,86,-419488
1695,5,1155117,2095512,51,-940395
1696,4,1946792,1793210,28,153582
1697,2,4344773,1598213,82,2746560
1698,1,2647844,2998437,59,-350593
1699,3,2369937,551982,65,1817955
1700,2,2161292,2748809,85,-587517
1701,5,3816008,1341039,44,2474969
1702,5,3219110,100574,10,3118536
1703,3,3229938,1986219,36,1243719
1704,2,2020720,978397,31,1042323
1705,1,1308908,487030,38,821878
1706,5,3089565,411030,24,2678535
1707,2,3675414,1671378,23,2004036
1708,5,4550398,871918,10,3678480
1709,3,1830251,2328792,89,-498541
1710,1,1998761,1512492,88,486269
1711,3,4278001,1184735,70,3093266
1712,3,1997158,600839,48,1396319
1713,4,2623062,1546396,17,1076666
1714,1,2822806,821723,41,2001083
1715,3,1307722,570193,67,737529
1716,3,1032857,2520133,56,-1487276
1717,3,4566667,946721,38,3619946
1718,4,4710682,1741423,82,2969259
1719,5,881141,2774648,86,-1893507
1720,1,3157515,784759,78,2372756
1721,5,1111840,912886,76,198954
1722,5,3615842,996017,81,2619825
1723,2,4829141,2669041,64,2160100
1724,5,1109560,392958,15,716602
1725,2,3197069,47860,43,3149209
1726,1,596441,244260,70,352181
1727,1,1638466,2776467,30,-1138001
1728,5,3082885,216116,34,2866769
1729,5,311640,931390,50,-619750
1730,1,3005538,438528,74,2567010
1731,2,789834,2282076,87,-1492242
1732,3,1374185,1893074,70,-518889
1733,1,565988,1432774,68,-866786
1734,1,1460762,2986490,14,-1525728
1735,1,3509044,2142733,48,1366311
1736,5,4414518,1378915,39,3035603
1737,2,4439912,1983973,42,2455939
1738,3,4536410,2219259,12,2317151
1739,5,4025122,205589,52,3819533
1740,2,4684062,1418029,75,3266033
1741,2,1034502,1016637,30,17865
1742,3,467246,1376465,66,-909219
1743,2,4621576,1980502,13,2641074
1744,2,3281378,2532540,12,748838
1745,1,4831181,575368,14,4255813
1746,5,2750216,1738560,26,1011656
1747,4,2120788,290709,47,1830079
1748,3,1035942,2544211,20,-1508269
1749,4,3392085,2872752,82,519333
1750,3,3431913,2449629,79,982284
1751,3,2455877,2182905,67,272972
1752,4,3601699,2027009,84,1574690
1753,3,3183084,1774798,35,1408286
1754,2,1844462,1691969,57,152493
1755,4,3590984,2344617,58,1246367
1756,3,3946463,1546622,82,2399841
1757,4,3362770,1029906,10,2332864
1758,1,2787027,1494173,55,1292854
1759,3,2439772,908362,16,1531410
1760,5,4022346,1920581,24,2101765
1761,5,2300791,2239741,55,61050
1762,1,3641967,174943,67,3467024
1763,4,3667981,974913,44,2693068
1764,3,4949886,2747480,34,2202406
1765,5,1588646,850600,40,738046
1766,2,977617,688061,31,289556
1767,2,1978544,2183532,70,-204988
1768,2,3704075,1104325,40,2599750
1769,3,343124,1357988,60,-1014864
1770,4,4140593,1576037,41,2564556
1771,1,4876969,1701672,17,3175297
1772,1,1228987,2441297,79,-1212310
1773,2,4670325,2646641,35,2023684
1774,5,819096,1919204,36,-1100108
1775,1,575034,1889387,71,-1314353
1776,3,3246112,2396650,48,849462
1777,3,1416812,506550,26,910262
1778,3,2408018,2986272,30,-578254
1779,2,280518,92208,31,188310
1780,1,4029563,2273420,47,1756143
1781,4,4167887,746509,27,3421378
1782,1,3998551,2517666,72,1480885
1783,1,4159332,989664,78,3169668
1784,5,837142,77252,33,759890
1785,5,4176350,353635,63,3822715
1786,3,2656118,2499503,25,156615
1787,5,1621303,930282,68,691021
1788,2,685852,630861,59,54991
1789,4,2453640,992996,10,1460644
1790,2,2989554,2162566,41,826988
1791,4,1470175,1734438,32,-264263
1792,5,3095924,1587936,27,1507988
1793,3,4846419,127594,47,4718825
1794,3,3844677,2706222,56,1138455
1795,2,3858512,1068605,37,2789907
1796,2,2895027,450177,89,2444850
1797,5,1374975,1029180,56,345795
1798,1,2354125,1112776,41,1241349
1799,5,343087,2946332,77,-2603245
1800,2,2007577,1729332,17,278245
1801,5,265246,2822189,28,-2556943
1802,4,2425716,495019,80,1930697
1803,3,2880693,684158,23,2196535
1804,2,269449,2861949,65,-2592500
1805,5,3779238,655509,87,3123729
1806,4,702000,1185422,57,-483422
1807,4,1018482,183766,18,834716
1808,3,2297018,21453,43,2275565
1809,2,4691949,871384,62,3820565
1810,3,1143123,2713561,25,-1570438
1811,4,1126568,126261,23,1000307
1812,5,4307912,459478,34,3848434
1813,3,1915496,1666990,39,248506
1814,4,4820089,2655511,47,2164578
1815,4,3736318,1657761,14,2078557
1816,5,2838923,820974,10,2017949
1817,3,4320382,2510456,83,1809926
1818,4,2442856,1865807,38,577049
1819,4,2453734,1497551,29,956183
1820,1,647431,2680128,38,-2032697
1821,2,3970233,1515990,24,2454243
1822,3,2047916,98206,21,1949710
1823,3,3797003,2212040,78,1584963
1824,4,4877070,1645282,88,3231788
1825,5,1495077,396176,13,1098901
1826,4,3374247,2138126,85,1236121
1827,4,2760281,489447,76,2270834
1828,2,73231,748142,61,-674911
1829,1,4439190,2303784,82,2135406
1830,1,2351763,2012900,40,338863
1831,4,3392202,1254194,44,2138008
1832,4,3085759,2895657,14,190102
1833,3,695374,832829,21,-137455
1834,2,267462,2481108,25,-2213646
1835,5,780220,1254776,36,-474556
1836,4,2947825,1150828,66,1796997
1837,4,1849719,1067258,10,782461
1838,5,4373918,122630,70,4251288
1839,4,4933380,1337745,73,3595635
1840,3,3457165,2347017,17,1110148
1841,5,4574960,2891460,85,1683500
1842,1,4244781,1611900,11,2632881
1843,5,111357,1494017,15,-1382660
1844,4,4892719,2918285,73,1974434
1845,4,2589349,2650379,55,-61030
1846,2,364350,2563758,22,-2199408
1847,1,449168,1873684,28,-1424516
1848,3,2762422,2866719,57,-104297
1849,5,1776193,1902666,54,-126473
1850,2,352964,2762285,48,-2409321
1851,2,1061453,1768829,50,-707376
1852,4,3436981,2526410,52,910571
1853,4,2732034,846589,61,1885445
1854,3,1957570,2446159,39,-488589
1855,1,2871607,289267,64,2582340
1856,3,3726785,557683,37,3169102
1857,4,1509207,1909560,37,-400353
1858,1,2721049,2149646,13,571403
1859,4,4126545,2117542,31,2009003
1860,3,1732086,2139538,21,-407452
1861,1,4051781,103083,83,3948698
1862,2,2495803,1904923,49,590880
1863,2,2005831,49045,57,1956786
1864,2,1054967,2772415,30,-1717448
1865,4,2315168,1047563,44,1267605
1866,1,1549783,63933,48,1485850
1867,2,1636363,1978892,47,-342529
1868,5,260736,567063,15,-306327
1869,4,4794014,2309487,31,2484527
1870,2,4873421,584863,25,4288558
1871,3,1476043,1024415,83,451628
1872,3,357754,197459,68,160295
1873,2,4426367,2721055,12,1705312
1874,1,1142148,958200,73,183948
1875,3,4734448,77214,75,4657234
1876,5,360506,1337335,16,-976829
1877,2,4171016,2408407,72,1762609
1878,3,2337973,917807,76,1420166
1879,5,3296518,111774,43,3184744
1880,1,4948578,2710470,77,2238108
1881,2,406721,2886023,13,-2479302
1882,2,4372826,502305,54,3870521
1883,4,4946508,887125,27,4059383
1884,5,2215634,2329207,26,-113573
1885,1,2997682,701182,21,2296500
1886,3,3328962,1141013,83,2187949
1887,4,1128632,2558574,15,-1429942
1888,5,3093950,769784,32,2324166
1889,5,4546311,1810113,18,2736198
1890,5,3740270,2352539,56,1387731
1891,1,3987158,1632224,62,2354934
1892,1,4186161,518963,81,3667198
1893,2,2420106,699354,67,1720752
1894,1,2178935,178514,86,2000421
1895,2,2079786,1322108,59,757678
1896,3,3039914,272583,76,2767331
1897,4,4523814,2748698,28,1775116
1898,1,1233322,2649339,82,-1416017
1899,1,3112269,1135047,74,1977222
1900,4,4394468,2444558,33,1949910
1901,2,1614287,957884,44,656403
1902,3,401217,2783848,37,-2382631
1903,4,4422030,964395,36,3457635
1904,1,720882,1989885,10,-1269003
1905,1,2981479,275201,83,2706278
1906,5,1610819,272270,41,1338549
1907,5,380747,861507,74,-480760
1908,2,4253108,289876,66,3963232
1909,5,1371412,1432365,44,-60953
1910,2,544205,103511,47,440694
1911,1,1422171,1638659,63,-216488
1912,1,3643417,1342333,47,2301084
1913,2,4383225,753442,77,3629783
1914,5,4867877,2784673,42,2083204
1915,4,714475,403449,74,311026
1916,4,2672406,220178,14,2452228
1917,4,1677586,1742550,64,-64964
1918,1,4297582,1755724,56,2541858
1919,5,541647,779598,51,-237951
1920,3,864331,1333830,12,-469499
1921,2,336740,817640,68,-480900
1922,2,176125,354235,34,-178110
1923,4,2396353,2424181,15,-27828
1924,4,893250,2474354,89,-1581104
1925,2,3946591,2489013,79,1457578
1926,5,4113323,1917250,80,2196073
1927,2,3067519,2484463,69,583056
1928,3,3569305,1452224,23,2117081
1929,2,3785762,2003934,29,1781828
1930,2,1857090,1351866,50,505224
1931,1,2019329,194045,85,1825284
1932,3,4963898,913523,82,4050375
1933,5,3431130,2938093,53,493037
1934,5,1161053,206402,42,954651
1935,1,3410965,1469287,23,1941678
1936,3,2184063,1150281,65,1033782
1937,4,2428759,1253791,37,1174968
1938,5,4117244,2738345,28,1378899
1939,2,2425377,1935977,41,489400
1940,1,3059509,593291,25,2466218
1941,4,1977472,178820,40,1798652
1942,2,1354880,660961,12,693919
1943,3,1484494,1028304,87,456190
1944,5,3413329,1311323,37,2102006
1945,3,3119840,871571,89,2248269
1946,1,201238,375679,78,-174441
1947,2,2260457,2071187,22,189270
1948,2,4450925,2241387,53,2209538
1949,4,3005658,1778886,41,1226772
1950,3,4151223,630312,37,3520911
1951,5,913161,1863137,59,-949976
1952,4,468720,1358929,54,-890209
1953,1,4705425,215289,78,4490136
1954,4,4504940,1209188,64,3295752
1955,1,4908066,943816,74,3964250
1956,4,2983080,162543,60,2820537
1957,5,608367,29965,37,578402
1958,1,1101677,2743535,60,-1641858
1959,3,4186523,1165249,63,3021274
1960,4,330958,575461,45,-244503
1961,2,1330676,2818894,76,-1488218
1962,5,3630208,453729,20,3176479
1963,2,4499299,2166999,40,2332300
1964,5,946891,560974,23,385917
1965,4,3922959,341293,79,3581666
1966,2,4130658,2352018,76,1778640
1967,5,545669,868626,16,-322957
1968,2,4057880,792286,35,3265594
1969,5,3473807,1374404,41,2099403
1970,1,186463,2942435,19,-2755972
1971,5,2213298,2515354,61,-302056
1972,3,4588158,163497,34,4424661
1973,1,4652693,2220637,16,2432056
1974,3,3202077,2040647,78,1161430
1975,4,3597116,2231155,17,1365961
1976,4,621421,2767863,78,-2146442
1977,5,1156471,136811,46,1019660
1978,5,1719299,1483197,54,236102
1979,2,2618584,459872,47,2158712
1980,5,4048345,2704392,70,1343953
1981,4,3794198,1601372,41,2192826
1982,3,1338287,2661141,55,-1322854
1983,1,3973510,2996128,46,977382
1984,1,2965298,982155,29,1983143
1985,1,733136,569568,63,163568
1986,1,3447085,2422094,63,1024991
1987,5,3382564,2354274,49,1028290
1988,5,2171685,1703122,54,468563
1989,3,331745,2531670,16,-2199925
1990,2,1278094,1685695,36,-407601
1991,5,1873195,843262,63,1029933
1992,5,3547718,91442,36,3456276
1993,2,4335121,617814,78,3717307
1994,5,2664503,1298156,70,1366347
1995,1,511323,2326661,81,-1815338
1996,1,1657482,2470591,45,-813109
1997,4,723062,268423,41,454639
1998,2,3680002,751639,13,2928363
1999,2,2191481,1422059,37,769422
2000,2,3424604,2623668,36,800936
