Project_ID,Department_ID,Investment,Stage,Success_Probability
1,14,2648566,Production,94
2,2,343359,Research,70
3,14,167258,Research,48
4,9,2132481,Prototype,76
5,7,455931,Prototype,44
6,4,180921,Research,40
7,7,196330,Production,61
8,12,1684903,Research,82
9,8,2469772,Prototype,44
10,15,1039566,Prototype,50
11,5,1530147,Production,88
12,3,4507480,Research,46
13,4,2754830,Prototype,86
14,7,3352567,Production,74
15,8,4234051,Research,42
16,6,106777,Research,84
17,13,4776637,Research,49
18,14,892367,Prototype,46
19,15,4567242,Prototype,92
20,15,2922538,Production,53
21,9,4149228,Research,86
22,2,3674810,Production,67
23,10,1192635,Research,65
24,2,4483650,Prototype,74
25,4,2251324,Production,70
26,3,951325,Research,77
27,10,3553474,Prototype,72
28,13,2033837,Production,51
29,7,2530542,Prototype,56
30,4,4486225,Production,51
31,4,2280024,Prototype,66
32,12,3440403,Prototype,79
33,4,1847124,Production,90
34,7,715925,Research,70
35,3,2229026,Prototype,68
36,10,1504548,Production,69
37,11,3952226,Prototype,80
38,3,4381156,Prototype,48
39,14,1586608,Research,61
40,1,514777,Prototype,41
41,6,673421,Research,42
42,3,3420176,Research,44
43,11,647152,Prototype,56
44,6,2455323,Prototype,90
45,15,1636996,Production,55
46,4,4250931,Production,89
47,8,566475,Production,86
48,11,2516651,Production,65
49,3,4561820,Research,68
50,2,1115777,Prototype,65
51,6,1657670,Research,58
52,15,3133857,Research,84
53,10,3675809,Prototype,58
54,1,2246794,Production,76
55,11,2609803,Production,87
56,11,4080676,Prototype,56
57,11,1993511,Prototype,70
58,12,981520,Production,47
59,9,360283,Production,69
60,7,3440066,Prototype,92
61,13,2815486,Production,43
62,4,4655234,Research,63
63,9,4834535,Prototype,73
64,9,947566,Prototype,63
65,1,1580821,Production,61
66,8,4076825,Prototype,81
67,8,3124786,Research,86
68,1,3219737,Research,51
69,10,102062,Research,73
70,11,3132635,Prototype,40
71,8,1435005,Research,57
72,14,2801797,Production,61
73,7,2565458,Production,61
74,4,2657268,Research,83
75,3,2297675,Prototype,93
76,11,888867,Research,43
77,10,1914732,Production,65
78,1,2260099,Research,45
79,10,915099,Production,76
80,4,3121558,Research,56
81,1,1842032,Production,45
82,10,676939,Production,44
83,3,2810305,Prototype,65
84,6,1728261,Production,45
85,12,2486533,Prototype,63
86,1,1523876,Prototype,89
87,10,979596,Research,90
88,10,983096,Research,83
89,13,3151051,Prototype,58
90,7,1850320,Research,40
91,15,3887348,Research,66
92,13,319098,Production,68
93,15,2751168,Production,73
94,10,2252229,Prototype,70
95,4,4303500,Production,58
96,9,1164042,Production,63
97,1,3849698,Research,92
98,8,149930,Research,75
99,10,291676,Research,65
100,12,1174006,Prototype,73
101,14,4065561,Prototype,42
102,15,779706,Research,88
103,1,636136,Production,63
104,12,994611,Prototype,51
105,5,2354510,Prototype,72
106,3,1127121,Prototype,91
107,8,3363235,Production,40
108,6,3769570,Research,89
109,10,627088,Prototype,81
110,12,3694280,Production,84
111,7,4893102,Prototype,56
112,4,3423993,Production,75
113,15,148997,Prototype,40
114,2,4167057,Research,58
115,5,2320099,Prototype,68
116,1,364840,Prototype,52
117,10,1888581,Prototype,49
118,8,1828994,Research,47
119,3,3103231,Production,83
120,3,4906544,Production,45
121,4,2668678,Research,41
122,10,3013706,Prototype,94
123,9,3995143,Research,87
124,7,1833281,Prototype,65
125,13,1970448,Prototype,78
126,4,2343386,Production,81
127,5,1365403,Research,69
128,13,4201203,Research,51
129,7,1266233,Prototype,89
130,5,1034866,Research,52
131,9,194496,Production,87
132,10,3896293,Prototype,67
133,3,1648857,Prototype,48
134,8,3557939,Production,77
135,5,927608,Prototype,77
136,15,395315,Production,84
137,10,3153402,Prototype,51
138,4,760982,Research,64
139,2,493474,Research,48
140,5,3181225,Research,76
141,6,3199688,Research,62
142,7,2024871,Prototype,40
143,10,4955647,Prototype,61
144,4,3635815,Prototype,53
145,5,876275,Production,89
146,15,3532544,Research,91
147,15,2024619,Production,82
148,5,1528456,Research,43
149,1,133480,Production,67
150,10,4805440,Research,70
151,13,2863790,Research,81
152,5,4414224,Research,71
153,13,3996166,Research,63
154,15,650154,Prototype,54
155,10,2470215,Production,58
156,7,1271157,Production,74
157,2,942209,Research,59
158,7,1430770,Production,43
159,12,1275282,Research,69
160,15,3038453,Prototype,72
161,2,4892462,Production,69
162,10,483898,Research,75
163,13,4925999,Research,78
164,8,1152601,Production,46
165,6,2035842,Prototype,45
166,12,2707425,Research,76
167,12,3075743,Prototype,55
168,15,1063439,Prototype,94
169,1,4462801,Research,91
170,13,4428385,Prototype,84
171,4,4368511,Production,41
172,5,2142850,Prototype,61
173,5,1518635,Prototype,58
174,8,2741467,Research,82
175,14,465105,Prototype,61
176,13,3993231,Research,79
177,13,1143034,Production,41
178,9,4636790,Prototype,80
179,11,2501844,Prototype,46
180,8,3894194,Production,52
181,9,2695915,Production,75
182,1,877258,Research,44
183,6,3334281,Production,64
184,14,4146981,Production,84
185,7,2967049,Research,64
186,1,4490586,Prototype,56
187,15,925070,Production,77
188,11,1015204,Research,72
189,6,4093707,Prototype,43
190,7,2197674,Prototype,91
191,8,2710949,Production,85
192,11,1373695,Research,48
193,14,1476967,Prototype,60
194,8,1375030,Production,87
195,4,2364701,Production,61
196,8,2273069,Research,66
197,9,2272240,Production,53
198,2,249119,Prototype,61
199,14,821533,Production,72
200,7,505216,Production,57
201,11,624220,Prototype,54
202,2,4570328,Prototype,88
203,12,4508778,Research,93
204,1,1362744,Production,42
205,10,3806292,Prototype,72
206,4,3592204,Production,79
207,5,2870110,Production,69
208,1,157428,Prototype,68
209,13,3404613,Research,81
210,2,2583549,Research,55
211,1,1125310,Prototype,74
212,2,804867,Production,74
213,6,3966306,Prototype,60
214,12,2634096,Prototype,72
215,11,2499362,Prototype,65
216,1,2968295,Prototype,81
217,2,4522902,Production,63
218,2,1531180,Production,67
219,5,936821,Research,61
220,10,2177511,Prototype,94
221,11,2768992,Research,52
222,5,367419,Production,68
223,1,2620244,Production,58
224,7,3178263,Prototype,91
225,14,1824412,Research,76
226,12,3868368,Research,52
227,3,3310038,Prototype,41
228,12,1527945,Prototype,54
229,1,4448095,Prototype,67
230,5,987097,Research,71
231,5,1062819,Research,68
232,3,944119,Research,94
233,8,159323,Prototype,53
234,1,3951393,Production,80
235,6,2365571,Production,48
236,1,2444934,Prototype,85
237,3,1995701,Research,48
238,4,2549187,Production,60
239,5,981973,Production,67
240,12,2835431,Prototype,69
241,10,516327,Prototype,80
242,3,331497,Prototype,64
243,9,1479634,Research,43
244,5,4613410,Research,84
245,15,914282,Research,80
246,10,2573832,Prototype,85
247,5,1427046,Prototype,88
248,12,2674056,Production,83
249,14,644400,Prototype,42
250,8,4070172,Production,57
251,10,4200257,Research,89
252,13,2387737,Prototype,85
253,6,1984204,Production,89
254,11,2735543,Production,52
255,15,4307780,Research,93
256,3,1605800,Prototype,89
257,14,3716600,Production,42
258,2,2544115,Production,76
259,11,3874210,Research,69
260,8,135705,Research,55
261,2,1965113,Production,55
262,15,2649241,Production,59
263,7,236977,Production,71
264,3,3127565,Production,50
265,3,2240651,Production,51
266,10,1745607,Prototype,72
267,9,629741,Prototype,82
268,2,1599491,Research,62
269,6,4848070,Research,81
270,8,956849,Production,92
271,11,2503243,Prototype,70
272,13,166956,Research,40
273,1,4551021,Production,48
274,13,2704139,Production,68
275,7,620412,Production,53
276,1,1470427,Research,61
277,15,2151752,Production,76
278,14,893268,Prototype,74
279,4,3893504,Research,72
280,10,4652185,Research,80
281,5,2447151,Production,50
282,3,2856490,Research,62
283,3,918028,Production,77
284,14,2785655,Research,64
285,12,1750431,Prototype,93
286,6,2605833,Research,67
287,3,1226533,Prototype,50
288,4,2759983,Production,65
289,2,4350607,Production,84
290,4,352650,Prototype,65
291,10,1983140,Research,90
292,6,2097905,Production,84
293,4,379823,Prototype,88
294,11,2671616,Prototype,70
295,3,732216,Production,45
296,13,1724481,Prototype,50
297,6,4238377,Research,57
298,6,4114966,Prototype,48
299,7,3212803,Production,79
300,15,2729572,Production,79
301,14,230974,Production,77
302,6,663684,Research,70
303,3,1333463,Prototype,73
304,12,254874,Research,40
305,6,3860258,Prototype,53
306,10,2486024,Production,94
307,1,4550261,Prototype,43
308,6,3100145,Research,89
309,4,295106,Production,42
310,3,2300172,Production,57
311,7,257432,Production,66
312,3,1477254,Production,77
313,6,877787,Research,53
314,12,3174387,Production,86
315,1,1138048,Research,57
316,9,1944207,Prototype,41
317,2,3723441,Prototype,40
318,13,3526358,Research,76
319,11,4786492,Research,56
320,15,4477802,Research,67
321,6,1376118,Prototype,45
322,3,1558925,Production,57
323,8,319494,Research,60
324,2,683503,Production,90
325,5,1604667,Production,59
326,15,4884090,Prototype,94
327,8,506212,Prototype,50
328,13,1070235,Prototype,67
329,7,2190922,Research,85
330,3,4923255,Research,71
331,4,1399733,Production,92
332,7,3363215,Production,69
333,12,1347096,Production,67
334,6,1641991,Research,85
335,8,266362,Prototype,48
336,4,1469400,Research,67
337,14,1864239,Research,47
338,7,669049,Research,70
339,4,1059977,Production,92
340,6,3096851,Production,48
341,10,2471714,Prototype,75
342,9,1747770,Prototype,80
343,11,4779254,Research,91
344,13,4626589,Research,41
345,3,3283904,Production,50
346,14,1226011,Production,63
347,4,3490948,Production,82
348,4,1053867,Prototype,69
349,3,4929624,Production,50
350,1,2393174,Prototype,90
351,11,1797116,Production,58
352,4,4237330,Research,53
353,14,4833980,Production,40
354,13,874660,Prototype,82
355,3,2681625,Research,76
356,12,1212978,Production,61
357,13,2868076,Production,94
358,12,2949107,Production,56
359,14,3787267,Prototype,40
360,1,1344215,Production,66
361,15,1626644,Research,80
362,7,4273725,Research,73
363,10,180827,Research,88
364,13,571251,Production,50
365,7,2980958,Prototype,47
366,6,1575056,Production,43
367,13,343760,Research,53
368,3,4585492,Prototype,52
369,12,3058098,Research,77
370,8,2308599,Research,57
371,4,3621077,Research,67
372,4,1986791,Production,48
373,6,1171020,Prototype,45
374,12,4365698,Research,79
375,11,1138381,Production,65
376,5,1297946,Prototype,81
377,8,4690811,Research,94
378,3,2694910,Research,68
379,7,4183279,Prototype,54
380,6,3517327,Research,82
381,2,605965,Production,65
382,3,1522525,Research,81
383,10,1153253,Prototype,79
384,4,1105047,Prototype,59
385,14,3623378,Research,42
386,7,878632,Production,48
387,9,1970075,Research,91
388,1,4534396,Production,67
389,2,3789437,Production,51
390,8,3998170,Production,87
391,6,3547578,Prototype,54
392,13,3810366,Production,93
393,9,3995309,Production,42
394,7,378676,Research,50
395,3,3362644,Research,70
396,11,4035308,Research,81
397,12,2389840,Prototype,71
398,11,212920,Research,70
399,10,4068582,Research,43
400,5,288258,Prototype,62
401,5,3224902,Production,78
402,9,4932277,Prototype,74
403,8,4510582,Research,42
404,1,3997551,Production,82
405,9,803722,Production,94
406,8,3054689,Production,57
407,13,1549890,Prototype,88
408,9,1515402,Research,79
409,12,2937879,Research,55
410,1,457462,Research,90
411,14,2103116,Production,77
412,15,1589745,Production,93
413,8,3877386,Production,85
414,3,1595414,Prototype,71
415,10,2871644,Production,78
416,5,526458,Prototype,46
417,12,2399486,Production,62
418,6,3857625,Production,73
419,8,3950918,Production,87
420,5,968694,Production,44
421,8,1743187,Prototype,90
422,4,2306306,Research,86
423,5,2585699,Research,80
424,7,4472146,Production,48
425,2,529854,Production,60
426,9,1004488,Prototype,91
427,4,920259,Prototype,59
428,4,1700585,Research,48
429,3,2383324,Prototype,67
430,1,2195567,Research,88
431,7,1005442,Prototype,60
432,13,4120771,Production,82
433,15,2897354,Production,68
434,7,3665196,Prototype,81
435,11,3579141,Prototype,91
436,6,2566570,Prototype,47
437,7,2938200,Production,43
438,13,3719375,Production,55
439,8,1176199,Research,43
440,5,388733,Production,83
441,2,2957542,Research,88
442,4,3648135,Production,79
443,7,1075667,Production,93
444,5,3489466,Production,53
445,6,2775632,Production,93
446,10,2135016,Prototype,44
447,1,1013093,Production,53
448,11,489482,Production,43
449,10,4349277,Prototype,43
450,8,3149276,Research,76
451,1,552129,Research,53
452,5,487796,Research,50
453,4,2711247,Prototype,89
454,11,2058048,Prototype,67
455,11,4839630,Prototype,63
456,11,2866542,Production,45
457,6,213908,Research,74
458,5,3943202,Production,56
459,1,408238,Prototype,77
460,6,2503860,Production,68
461,15,300905,Production,65
462,13,1304203,Research,60
463,6,2495072,Research,48
464,11,1384135,Prototype,82
465,9,2806868,Research,52
466,9,3247529,Prototype,57
467,14,320363,Prototype,93
468,4,1863347,Production,46
469,1,2947428,Prototype,93
470,8,4452368,Research,62
471,15,3461367,Research,81
472,6,1155940,Production,84
473,4,4544065,Production,42
474,8,3930018,Prototype,44
475,15,4344610,Production,90
476,9,1531575,Production,80
477,14,4762505,Research,45
478,8,4146361,Prototype,46
479,13,1188193,Production,69
480,4,1703441,Research,79
481,11,4340274,Prototype,70
482,9,2035972,Production,76
483,13,1171787,Prototype,74
484,3,3423922,Prototype,79
485,8,3437186,Prototype,70
486,15,2364783,Production,91
487,5,2551900,Prototype,62
488,2,660854,Prototype,52
489,1,1644408,Prototype,93
490,10,2599090,Research,85
491,4,1948744,Research,87
492,15,188743,Prototype,80
493,8,1496854,Prototype,41
494,12,924071,Prototype,40
495,6,1705578,Production,57
496,2,3184104,Research,44
497,1,4613002,Research,62
498,15,2752152,Production,72
499,7,2504401,Research,61
500,3,3544415,Prototype,48
501,8,1309793,Prototype,92
502,15,3737542,Research,76
503,13,1751005,Prototype,55
504,4,4349889,Prototype,48
505,5,1406997,Prototype,69
506,4,1157185,Research,72
507,12,1027078,Research,61
508,3,384828,Research,56
509,1,427933,Research,82
510,1,4738657,Research,88
511,10,2252216,Production,63
512,11,3722295,Research,62
513,1,501604,Prototype,41
514,14,3577804,Prototype,94
515,11,3194137,Production,67
516,12,4711977,Prototype,43
517,6,622953,Research,87
518,1,2567129,Prototype,71
519,1,1136151,Production,87
520,3,3311412,Research,67
521,12,787972,Prototype,65
522,10,437802,Prototype,89
523,13,2832174,Research,94
524,11,4896446,Production,41
525,7,4314157,Research,72
526,3,4845832,Research,69
527,6,972024,Production,62
528,1,675409,Prototype,51
529,13,2439255,Research,76
530,3,3218888,Research,92
531,5,391101,Production,47
532,14,3622849,Production,76
533,13,1403902,Research,88
534,7,2331189,Research,71
535,15,2019671,Production,52
536,8,3223616,Production,65
537,12,4743586,Prototype,52
538,8,789272,Production,59
539,15,3863755,Prototype,44
540,5,1137471,Prototype,63
541,2,4472652,Research,76
542,1,2691029,Prototype,57
543,7,4467233,Prototype,48
544,4,2536518,Production,62
545,1,2780608,Production,49
546,4,418032,Production,89
547,14,4745508,Research,64
548,5,2024284,Prototype,82
549,6,4030248,Prototype,65
550,13,747099,Prototype,53
551,10,1484984,Research,89
552,4,103789,Production,90
553,6,1889647,Production,85
554,7,2823176,Prototype,84
555,12,474703,Prototype,91
556,14,1314716,Research,77
557,12,3107884,Research,63
558,8,2254582,Production,80
559,5,1671818,Research,60
560,5,3604845,Production,77
561,2,1842467,Research,54
562,9,1380675,Research,59
563,4,633603,Production,79
564,8,4813009,Production,71
565,9,4093130,Research,72
566,10,1510904,Prototype,55
567,15,678999,Prototype,49
568,5,995316,Production,84
569,13,4557659,Research,40
570,15,4034319,Production,74
571,15,245874,Research,80
572,13,1544847,Production,84
573,4,140021,Prototype,52
574,2,3287006,Research,67
575,11,1530895,Research,69
576,8,3643952,Production,50
577,7,2610272,Research,79
578,8,4271037,Prototype,73
579,15,755589,Research,78
580,9,3934226,Prototype,56
581,4,1494269,Prototype,47
582,4,4875802,Production,51
583,12,3410626,Research,56
584,15,3750392,Prototype,84
585,11,1240586,Research,56
586,14,4077339,Prototype,48
587,3,991436,Prototype,90
588,15,4300309,Prototype,85
589,12,970764,Production,70
590,7,2663231,Research,73
591,12,458195,Research,42
592,14,4725744,Research,66
593,12,1889047,Production,71
594,9,3087401,Prototype,81
595,14,2246358,Prototype,63
596,5,2120221,Research,85
597,14,2569474,Research,67
598,13,1085021,Production,64
599,2,4677876,Prototype,83
600,9,3721902,Production,62
601,10,3059909,Production,84
602,10,633607,Research,46
603,11,4001241,Research,67
604,11,4018218,Production,66
605,15,640876,Prototype,72
606,5,2592410,Prototype,77
607,12,3015666,Production,93
608,6,1568933,Production,61
609,1,2717116,Prototype,78
610,11,1077734,Prototype,76
611,2,727079,Research,62
612,6,1504605,Prototype,85
613,8,2958850,Production,44
614,15,1301888,Production,41
615,4,2729276,Prototype,85
616,2,4745059,Research,54
617,12,1692854,Research,70
618,10,4582835,Prototype,53
619,13,2797894,Production,45
620,2,2053535,Research,73
621,6,2240303,Prototype,84
622,8,1839433,Research,88
623,7,1159665,Research,45
624,5,3447097,Prototype,47
625,10,1740442,Production,55
626,15,4187829,Production,76
627,2,4101382,Research,78
628,8,1796869,Prototype,81
629,2,3536717,Prototype,66
630,2,4586715,Production,44
631,7,2689288,Prototype,93
632,10,3758801,Production,54
633,6,2658520,Production,72
634,15,284680,Research,86
635,4,4656821,Production,59
636,4,4815177,Production,76
637,7,383685,Research,85
638,8,4830821,Production,64
639,8,2153780,Production,64
640,10,667075,Prototype,68
641,12,1016313,Production,81
642,7,3805882,Prototype,72
643,13,2575558,Research,77
644,2,276433,Prototype,81
645,7,4265554,Production,66
646,1,2483324,Prototype,73
647,7,4305220,Production,43
648,9,2190349,Research,40
649,12,868578,Prototype,54
650,6,3267201,Prototype,81
651,7,421240,Production,80
652,6,1216961,Research,85
653,4,2003202,Research,56
654,7,3516900,Prototype,72
655,12,390551,Prototype,71
656,9,4731946,Prototype,90
657,12,2496989,Production,54
658,13,2615853,Production,70
659,13,712864,Research,67
660,1,3466026,Production,54
661,3,3970990,Production,47
662,15,4886147,Prototype,70
663,6,2335082,Prototype,82
664,8,1001603,Prototype,86
665,12,3314653,Research,70
666,6,3967644,Production,82
667,7,2911858,Prototype,69
668,5,2643326,Production,48
669,2,439843,Production,46
670,9,579395,Research,73
671,1,3490924,Prototype,57
672,9,2666057,Research,75
673,9,396435,Research,49
674,5,2926528,Research,88
675,11,4436946,Research,94
676,3,1019911,Production,43
677,13,4690589,Production,74
678,6,4595918,Production,75
679,9,321912,Prototype,85
680,10,4449754,Prototype,42
681,6,376519,Production,69
682,7,1025969,Research,58
683,15,1088508,Production,48
684,13,1741713,Prototype,92
685,8,2486805,Production,66
686,5,4116664,Production,74
687,7,2867965,Prototype,74
688,15,692213,Production,50
689,5,3606250,Research,60
690,6,2808590,Production,48
691,6,3893749,Production,93
692,9,2923184,Production,74
693,2,2301579,Production,51
694,1,907258,Production,71
695,11,4225938,Production,77
696,10,3417979,Research,90
697,7,1449619,Research,91
698,15,1709180,Production,64
699,9,2438927,Research,42
700,14,1348378,Production,93
701,14,4203068,Prototype,45
702,5,2629223,Research,85
703,10,549122,Research,91
704,14,1057640,Research,80
705,1,2383243,Prototype,59
706,2,2042762,Research,61
707,7,2179390,Prototype,48
708,14,3659805,Research,75
709,13,984352,Production,71
710,7,2113200,Production,92
711,4,1805744,Research,60
712,12,4574537,Production,76
713,3,2566664,Research,87
714,7,2182630,Prototype,79
715,13,4217195,Production,61
716,1,4738936,Research,88
717,13,841140,Research,42
718,11,4622570,Production,77
719,14,2377817,Prototype,45
720,6,2541076,Production,90
721,15,2068394,Research,61
722,5,700819,Research,91
723,2,1900209,Prototype,65
724,5,2634834,Prototype,54
725,9,2571499,Prototype,76
726,9,4276374,Prototype,93
727,12,806334,Research,53
728,7,631505,Production,61
729,2,3329561,Research,94
730,2,444260,Prototype,53
731,3,928810,Prototype,94
732,3,1811863,Production,45
733,1,2869805,Production,72
734,12,1912126,Prototype,66
735,11,100048,Prototype,86
736,3,4509145,Production,90
737,1,2957383,Research,93
738,6,3352988,Research,44
739,13,4489069,Research,59
740,3,109531,Production,81
741,4,407135,Prototype,47
742,10,3624495,Prototype,87
743,9,4000353,Prototype,80
744,7,4602351,Production,88
745,15,785970,Research,52
746,2,4880417,Research,48
747,3,1925914,Production,71
748,11,2242817,Prototype,40
749,3,1088867,Research,60
750,13,2465878,Research,76
751,15,4031165,Prototype,68
752,2,2175283,Prototype,65
753,5,3911049,Production,45
754,1,384994,Research,50
755,3,4577851,Production,79
756,12,2029023,Prototype,40
757,1,2307076,Production,47
758,10,4584356,Production,43
759,12,434210,Production,55
760,13,4453456,Prototype,69
761,1,1572350,Prototype,60
762,9,1824775,Research,82
763,8,402422,Research,79
764,9,4928089,Prototype,46
765,7,657318,Prototype,89
766,6,290263,Production,47
767,2,4814914,Research,84
768,3,4938750,Prototype,54
769,5,1454868,Research,51
770,4,4614645,Production,82
771,14,1850669,Prototype,43
772,5,2814073,Prototype,87
773,7,4383412,Prototype,91
774,15,4816494,Research,91
775,7,3085393,Prototype,74
776,5,2650520,Production,79
777,8,4361354,Prototype,89
778,15,3580912,Research,87
779,2,2669189,Production,73
780,2,3576217,Production,93
781,15,815152,Production,52
782,5,3294075,Production,78
783,2,1746535,Research,41
784,11,1886110,Research,85
785,2,1975631,Production,76
786,14,4620925,Production,65
787,8,2642435,Prototype,60
788,14,2436403,Prototype,72
789,15,2711618,Research,41
790,14,2606417,Research,51
791,2,1577251,Prototype,81
792,15,1457183,Research,56
793,5,4703981,Research,64
794,15,4877669,Production,41
795,12,2462631,Research,44
796,13,4438088,Research,46
797,13,1769059,Prototype,69
798,7,1963138,Research,51
799,9,4086501,Production,92
800,12,1927678,Production,67
801,10,3252472,Production,88
802,4,3410033,Research,91
803,15,3775422,Prototype,91
804,8,3209328,Research,66
805,6,1079816,Prototype,75
806,15,4032256,Research,72
807,3,4348375,Prototype,72
808,10,493015,Research,89
809,7,1484379,Production,66
810,10,3261866,Prototype,72
811,4,832538,Prototype,81
812,6,963524,Research,53
813,15,1792531,Prototype,74
814,14,4268016,Research,76
815,9,3173159,Research,48
816,7,172737,Production,61
817,4,2940303,Production,64
818,4,3992691,Production,87
819,4,2601260,Prototype,93
820,2,3407997,Research,92
821,11,1057025,Research,43
822,15,643992,Production,62
823,10,3728801,Research,85
824,10,3249879,Prototype,81
825,14,1962166,Research,46
826,11,3175868,Prototype,69
827,2,2838682,Production,52
828,3,1064426,Production,65
829,13,4641669,Prototype,40
830,11,4364155,Research,65
831,5,2326612,Prototype,92
832,12,1767048,Prototype,43
833,7,2923117,Research,61
834,7,1135678,Research,68
835,8,3580596,Production,59
836,4,3985242,Prototype,63
837,1,584667,Production,79
838,5,4908804,Production,86
839,8,589320,Production,60
840,9,237952,Research,80
841,13,949788,Research,46
842,10,2320469,Prototype,88
843,7,1535735,Research,44
844,9,2810380,Prototype,58
845,3,1199542,Research,56
846,13,794935,Production,74
847,7,2394919,Research,75
848,7,269557,Production,70
849,14,3020087,Prototype,84
850,10,4635933,Prototype,60
851,9,2663782,Prototype,80
852,4,3613888,Production,45
853,9,3828682,Prototype,57
854,8,4103460,Research,49
855,11,1473786,Production,80
856,5,1225332,Production,89
857,9,697481,Research,50
858,12,4162210,Prototype,74
859,14,2544444,Production,47
860,5,2466819,Research,51
861,13,2772996,Prototype,56
862,8,4019634,Research,87
863,5,2269530,Prototype,70
864,14,4874106,Production,60
865,15,2586737,Research,50
866,2,700616,Prototype,52
867,14,4001669,Production,68
868,1,4505567,Prototype,60
869,9,2853466,Prototype,86
870,1,4904417,Prototype,55
871,10,3648037,Production,41
872,12,3790451,Production,79
873,7,3782148,Production,93
874,6,2609641,Production,50
875,5,3449457,Production,86
876,10,1813859,Prototype,52
877,11,2359420,Prototype,89
878,6,4439599,Production,88
879,14,2022619,Prototype,40
880,14,855349,Prototype,86
881,1,2162141,Production,84
882,10,508032,Research,40
883,15,1428691,Prototype,81
884,5,1622466,Production,50
885,3,4965268,Prototype,49
886,9,2670832,Research,68
887,15,2746170,Research,63
888,7,4884404,Prototype,68
889,14,2994171,Prototype,40
890,7,4830007,Prototype,85
891,14,1390483,Production,53
892,15,4501735,Prototype,73
893,3,4468562,Production,58
894,10,3812290,Research,46
895,14,4578729,Production,55
896,5,4446526,Production,43
897,10,1612732,Prototype,74
898,11,501862,Production,67
899,15,1703156,Prototype,90
900,1,3284620,Prototype,84
901,4,2757877,Production,56
902,14,4639182,Research,71
903,8,3092773,Prototype,76
904,14,679149,Prototype,72
905,13,1612173,Prototype,80
906,12,131926,Production,87
907,5,1872730,Production,58
908,15,2632091,Production,81
909,7,3355178,Production,83
910,11,4314396,Prototype,42
911,14,1066933,Research,51
912,4,4341532,Production,48
913,15,1617818,Research,86
914,12,4372021,Research,49
915,5,2408604,Prototype,92
916,4,2405753,Research,63
917,6,4187501,Production,84
918,3,3438795,Research,62
919,13,2659689,Research,65
920,10,339747,Production,80
921,5,439097,Research,74
922,12,3764491,Prototype,65
923,8,3996033,Research,62
924,4,417441,Prototype,81
925,6,2164883,Research,62
926,12,1266899,Research,50
927,10,4368617,Research,88
928,8,2654196,Prototype,70
929,13,669281,Prototype,44
930,11,3222610,Research,86
931,7,483434,Prototype,86
932,8,2032205,Production,63
933,5,3053520,Research,66
934,4,3227748,Prototype,55
935,4,3203519,Research,78
936,8,265956,Research,89
937,3,2778590,Prototype,62
938,2,423914,Research,84
939,9,1882370,Production,43
940,2,3450466,Prototype,86
941,8,3194130,Prototype,63
942,4,2845433,Prototype,73
943,7,3137284,Research,89
944,6,4547886,Production,87
945,12,679177,Prototype,49
946,3,1152971,Research,89
947,2,640734,Production,54
948,2,4271573,Production,59
949,15,168067,Prototype,48
950,2,1615141,Research,94
951,1,4028715,Prototype,43
952,4,2375828,Research,93
953,1,1385856,Prototype,42
954,10,415407,Prototype,66
955,15,4584075,Production,66
956,2,4522461,Prototype,79
957,9,3620682,Production,63
958,14,2796409,Research,78
959,15,3097894,Research,93
960,7,3196608,Prototype,49
961,3,4450091,Research,85
962,8,3761775,Prototype,84
963,9,4200659,Research,79
964,11,158364,Production,91
965,4,973937,Prototype,58
966,10,571451,Prototype,85
967,10,3546507,Prototype,56
968,5,2052566,Research,56
969,2,1777851,Production,71
970,7,4575230,Prototype,47
971,5,4332899,Research,69
972,8,3311327,Prototype,50
973,14,1713594,Prototype,90
974,3,3591323,Prototype,83
975,6,3839266,Prototype,81
976,5,879534,Production,62
977,6,2347454,Production,44
978,6,4848219,Prototype,91
979,2,3319603,Prototype,64
980,10,2558771,Prototype,81
981,8,3954313,Research,86
982,2,2357056,Research,77
983,1,1423041,Prototype,78
984,9,4630488,Prototype,88
985,3,521904,Production,49
986,13,721365,Prototype,93
987,3,3667346,Production,94
988,7,4763638,Prototype,84
989,7,1849789,Production,49
990,12,580670,Prototype,68
991,8,3492684,Production,89
992,7,4678437,Research,45
993,7,4158695,Production,62
994,9,4411106,Production,74
995,5,189044,Research,51
996,2,2284826,Research,47
997,5,1808171,Prototype,45
998,7,2704984,Production,80
999,13,1542653,Prototype,73
1000,9,106920,Production,87
1001,12,3016503,Research,55
1002,1,4936276,Research,67
1003,13,2807430,Research,41
1004,3,1606443,Prototype,65
1005,3,2764804,Prototype,87
1006,1,2535119,Research,94
1007,5,3864612,Research,65
1008,10,3974718,Prototype,46
1009,14,951558,Prototype,60
1010,14,4202242,Research,49
1011,8,1009971,Production,48
1012,3,3102232,Research,50
1013,15,4426322,Production,55
1014,12,3995799,Prototype,82
1015,4,2662060,Production,81
1016,7,3845104,Prototype,58
1017,5,930609,Prototype,43
1018,4,2342249,Research,83
1019,12,3184304,Prototype,49
1020,15,2257419,Research,67
1021,6,2403794,Prototype,70
1022,15,4231829,Research,45
1023,11,3109438,Production,55
1024,11,3410093,Production,78
1025,15,3977113,Research,86
1026,3,4435541,Production,69
1027,15,2700066,Production,90
1028,8,2689778,Prototype,86
1029,11,1982976,Prototype,68
1030,12,2342443,Research,87
1031,5,285200,Prototype,91
1032,5,612088,Production,43
1033,3,3381724,Prototype,51
1034,10,523557,Research,71
1035,4,4785116,Prototype,76
1036,9,4974061,Production,69
1037,15,4158406,Prototype,66
1038,5,2523869,Research,86
1039,8,2804372,Prototype,87
1040,10,1408679,Prototype,87
1041,7,4701986,Research,71
1042,3,733817,Prototype,90
1043,13,2705616,Research,62
1044,4,4226491,Prototype,78
1045,5,2154627,Prototype,56
1046,12,3476758,Research,72
1047,5,186276,Production,72
1048,9,4295782,Research,53
1049,3,3818868,Prototype,51
1050,9,4270962,Prototype,52
1051,9,3849937,Production,87
1052,6,3075175,Research,78
1053,2,2944286,Prototype,68
1054,3,1936460,Research,49
1055,13,4702071,Production,61
1056,2,2972616,Production,70
1057,13,4181054,Prototype,74
1058,11,2936958,Production,58
1059,7,4521282,Research,41
1060,10,411580,Production,45
1061,8,1916358,Prototype,73
1062,3,1046611,Research,94
1063,10,4358043,Prototype,71
1064,9,2255894,Prototype,45
1065,14,2056343,Research,83
1066,11,4567405,Production,66
1067,12,549280,Production,54
1068,13,1834002,Research,91
1069,5,1566570,Production,81
1070,4,4039938,Research,89
1071,1,1196108,Production,73
1072,12,1840133,Production,82
1073,3,3124859,Prototype,55
1074,2,2697253,Production,71
1075,11,1153395,Production,55
1076,9,1300424,Prototype,78
1077,14,3589782,Production,47
1078,7,4116956,Production,55
1079,7,1271861,Research,74
1080,15,1037641,Production,61
1081,6,1104263,Research,53
1082,15,3466695,Prototype,67
1083,3,4025214,Prototype,52
1084,9,1518085,Research,46
1085,5,2082776,Prototype,58
1086,3,3464496,Prototype,70
1087,2,4757085,Prototype,56
1088,15,1123781,Prototype,86
1089,1,2912489,Production,74
1090,8,2502489,Research,93
1091,11,2649912,Research,89
1092,5,4835239,Production,40
1093,2,2711427,Prototype,84
1094,3,422872,Research,85
1095,10,4873655,Prototype,70
1096,14,585501,Research,65
1097,8,4509997,Production,69
1098,7,1807626,Production,69
1099,2,3279022,Prototype,90
1100,12,3111689,Prototype,47
1101,9,4480923,Research,86
1102,11,2743585,Prototype,88
1103,10,3833018,Research,87
1104,6,769378,Prototype,45
1105,3,232738,Prototype,92
1106,8,3489837,Production,51
1107,1,3365147,Research,88
1108,6,4989506,Prototype,75
1109,13,1239839,Research,60
1110,12,942273,Production,79
1111,12,3021672,Production,91
1112,9,432926,Research,93
1113,9,958887,Research,62
1114,9,901600,Prototype,62
1115,7,1328878,Production,40
1116,11,3275823,Prototype,71
1117,9,944220,Production,51
1118,4,4554441,Prototype,53
1119,6,1349191,Prototype,47
1120,10,2087207,Research,72
1121,10,3431099,Production,92
1122,8,1581110,Production,41
1123,1,3705447,Prototype,57
1124,1,528618,Research,93
1125,8,3247306,Prototype,54
1126,4,3889449,Production,55
1127,5,4979995,Prototype,84
1128,6,1120538,Research,92
1129,9,2304089,Prototype,89
1130,10,3581994,Research,58
1131,1,4010339,Prototype,40
1132,14,2585963,Research,56
1133,2,1933570,Research,81
1134,6,3208132,Prototype,64
1135,12,4852487,Prototype,61
1136,13,1573460,Prototype,88
1137,6,1246797,Research,60
1138,4,2294468,Production,72
1139,14,1011090,Prototype,70
1140,3,3154119,Research,67
1141,2,4206205,Research,90
1142,9,2519474,Prototype,93
1143,15,2117378,Prototype,43
1144,5,2121305,Production,89
1145,7,1134047,Research,52
1146,5,1387006,Production,69
1147,8,377103,Production,54
1148,13,3356770,Production,76
1149,14,2593455,Production,70
1150,3,306191,Prototype,56
1151,9,718250,Production,50
1152,12,1279138,Research,69
1153,10,3290311,Prototype,92
1154,4,2823328,Production,46
1155,2,4273580,Research,75
1156,9,4885547,Prototype,40
1157,4,1537951,Research,86
1158,5,2736267,Research,69
1159,1,4982883,Prototype,91
1160,4,1801308,Production,77
1161,8,1741922,Prototype,41
1162,13,2920797,Prototype,74
1163,14,2718165,Production,42
1164,6,1399913,Prototype,62
1165,2,342261,Prototype,85
1166,9,3677884,Research,71
1167,13,660848,Research,47
1168,15,1896054,Research,87
1169,7,642493,Research,75
1170,5,793305,Research,53
1171,5,4779165,Prototype,77
1172,5,458749,Prototype,87
1173,5,1159657,Production,87
1174,15,472348,Research,87
1175,1,2424157,Research,41
1176,7,4068614,Research,94
1177,8,1837851,Research,89
1178,13,392787,Research,77
1179,4,2586161,Production,43
1180,9,4017507,Production,53
1181,11,4872117,Prototype,86
1182,11,4312677,Production,85
1183,6,4448754,Prototype,49
1184,1,3283343,Research,76
1185,8,1197789,Prototype,51
1186,14,1395457,Production,92
1187,3,4008181,Production,52
1188,1,838416,Production,47
1189,10,737518,Prototype,86
1190,1,332647,Production,63
1191,12,1836384,Prototype,48
1192,4,4658925,Research,59
1193,7,4989133,Prototype,66
1194,14,430731,Research,61
1195,6,4116351,Prototype,55
1196,9,2469261,Prototype,88
1197,6,2043251,Production,47
1198,11,3226643,Production,63
1199,10,1292264,Prototype,74
1200,10,3312025,Prototype,76
1201,6,877358,Prototype,61
1202,15,4172339,Prototype,63
1203,7,259252,Prototype,94
1204,13,1879097,Research,89
1205,11,2070406,Research,54
1206,7,3437678,Production,44
1207,8,1313319,Prototype,87
1208,14,2073329,Research,50
1209,8,385999,Production,91
1210,4,3548066,Prototype,63
1211,7,778282,Research,55
1212,8,4672822,Research,46
1213,8,4128103,Production,44
1214,10,2268529,Production,83
1215,8,3007111,Prototype,79
1216,3,182054,Prototype,88
1217,1,3468210,Research,82
1218,9,2755938,Prototype,79
1219,14,3552504,Production,68
1220,12,777768,Research,44
1221,5,667470,Prototype,48
1222,13,1909237,Production,49
1223,10,408311,Production,50
1224,3,2952600,Prototype,89
1225,2,685757,Production,85
1226,1,2434448,Research,52
1227,6,4876648,Prototype,88
1228,7,2062578,Research,75
1229,4,4767602,Prototype,43
1230,5,1332626,Research,74
1231,6,2159240,Research,44
1232,3,4010155,Production,88
1233,13,2013120,Production,82
1234,9,2674437,Prototype,75
1235,7,1012383,Production,74
1236,2,2564588,Production,91
1237,6,2873269,Research,73
1238,10,4900722,Research,47
1239,13,2309808,Research,58
1240,6,2369357,Production,89
1241,9,3938953,Prototype,63
1242,15,2379167,Production,70
1243,15,1302639,Prototype,76
1244,5,1960071,Production,92
1245,1,3208780,Prototype,59
1246,8,1211551,Research,58
1247,10,3229700,Research,52
1248,4,4696241,Prototype,65
1249,7,2523368,Production,68
1250,2,309006,Prototype,94
1251,9,4628474,Research,79
1252,13,342195,Research,67
1253,10,3689174,Prototype,44
1254,13,440751,Research,88
1255,2,4735244,Research,77
1256,6,1205288,Production,59
1257,5,3683644,Production,69
1258,1,1778938,Production,46
1259,12,226795,Research,51
1260,15,2929652,Prototype,40
1261,5,3004656,Prototype,60
1262,2,684328,Research,62
1263,14,2266234,Research,59
1264,14,4343593,Production,71
1265,9,1788914,Prototype,64
1266,8,4798830,Production,60
1267,6,100150,Prototype,65
1268,11,710322,Prototype,52
1269,5,1853772,Prototype,90
1270,6,3867324,Research,56
1271,6,1874118,Production,44
1272,11,4665177,Research,85
1273,1,1907731,Research,48
1274,15,121961,Production,81
1275,1,4177631,Production,80
1276,15,1391772,Prototype,77
1277,10,211667,Production,70
1278,13,3534312,Prototype,56
1279,14,1951055,Production,77
1280,10,1502792,Prototype,65
1281,13,3015177,Research,45
1282,3,4222821,Production,58
1283,10,2383113,Production,92
1284,11,4371844,Prototype,56
1285,9,2709041,Prototype,56
1286,12,4324379,Research,63
1287,12,887182,Production,41
1288,2,4556789,Research,74
1289,8,3561367,Prototype,56
1290,10,3020714,Research,53
1291,11,3576717,Prototype,43
1292,14,3282867,Prototype,53
1293,4,2904250,Research,88
1294,8,1749122,Prototype,78
1295,11,1155225,Research,49
1296,4,4825402,Prototype,75
1297,11,2147471,Research,70
1298,11,3456844,Research,57
1299,8,4580875,Production,86
1300,9,3085766,Prototype,48
1301,2,1079642,Production,46
1302,3,3401606,Production,77
1303,5,4135755,Production,48
1304,2,3266814,Prototype,58
1305,11,2085123,Prototype,87
1306,5,4045659,Production,82
1307,1,2243006,Research,55
1308,11,3399101,Research,81
1309,5,959412,Prototype,77
1310,13,2593039,Research,50
1311,8,1860664,Prototype,71
1312,11,2910019,Prototype,66
1313,9,505457,Production,67
1314,6,1036521,Production,81
1315,10,1586451,Prototype,79
1316,5,1251568,Prototype,44
1317,1,1705535,Research,90
1318,4,3862735,Prototype,63
1319,15,2702108,Research,84
1320,12,1901201,Research,93
1321,2,972272,Production,42
1322,14,3225321,Prototype,49
1323,2,2255167,Research,77
1324,3,3723761,Research,42
1325,6,4170908,Production,44
1326,8,1338790,Prototype,55
1327,5,2425972,Research,53
1328,4,2413806,Prototype,66
1329,4,4913403,Research,57
1330,14,1980051,Research,52
1331,5,280988,Prototype,86
1332,5,2615232,Production,40
1333,2,2623571,Research,66
1334,7,2865457,Research,77
1335,2,1655896,Prototype,85
1336,2,4567020,Production,49
1337,9,1514700,Prototype,78
1338,10,2445617,Production,87
1339,5,4141906,Prototype,73
1340,1,2254177,Research,48
1341,13,3185374,Prototype,70
1342,8,1418658,Research,47
1343,11,3175840,Production,59
1344,1,3762465,Prototype,57
1345,5,1852668,Research,60
1346,11,4604535,Prototype,91
1347,4,1633481,Prototype,91
1348,12,4398954,Research,48
1349,13,153165,Production,69
1350,3,1439680,Prototype,78
1351,15,592101,Production,83
1352,4,1842815,Production,93
1353,9,1972368,Research,80
1354,8,4746093,Production,81
1355,2,3841211,Research,53
1356,9,2257114,Production,50
1357,1,926714,Production,80
1358,2,603238,Production,65
1359,5,3809436,Research,54
1360,14,4568688,Prototype,74
1361,9,2106551,Prototype,62
1362,10,1397515,Prototype,55
1363,1,2368446,Prototype,70
1364,9,2515183,Prototype,56
1365,12,2435928,Research,72
1366,4,2001597,Production,49
1367,13,2458553,Research,85
1368,8,254311,Prototype,58
1369,1,2460954,Production,85
1370,13,1559290,Research,78
1371,5,360116,Prototype,54
1372,14,4734008,Production,85
1373,9,949835,Production,91
1374,14,3710595,Prototype,62
1375,10,4709766,Production,57
1376,2,3406901,Prototype,63
1377,3,4108230,Prototype,93
1378,3,4039768,Prototype,48
1379,4,1269695,Prototype,63
1380,10,3980337,Prototype,80
1381,13,1803870,Research,73
1382,11,3267875,Production,89
1383,14,3868527,Prototype,48
1384,6,3257419,Prototype,69
1385,3,1956948,Production,55
1386,7,2784034,Research,50
1387,14,4682870,Research,61
1388,3,1856113,Research,49
1389,15,3313474,Research,63
1390,1,2733626,Prototype,50
1391,14,3018964,Research,61
1392,5,4159612,Prototype,84
1393,13,277875,Prototype,90
1394,1,1184951,Research,40
1395,4,2071382,Production,40
1396,12,3504878,Research,46
1397,10,3191260,Research,80
1398,15,4967426,Research,53
1399,5,1207812,Production,76
1400,15,4514859,Research,71
1401,15,2674245,Production,61
1402,10,857179,Production,70
1403,8,2445445,Research,80
1404,14,4858413,Production,40
1405,7,926386,Production,67
1406,1,505035,Production,54
1407,15,600124,Production,80
1408,15,1109025,Prototype,50
1409,4,3379972,Production,93
1410,14,705792,Research,90
1411,5,4838747,Prototype,74
1412,6,1476689,Production,55
1413,3,1799174,Production,68
1414,3,2492197,Research,74
1415,1,1137238,Research,78
1416,1,1431935,Research,87
1417,9,2415405,Prototype,54
1418,13,3803750,Research,42
1419,12,3489124,Research,50
1420,5,2717014,Research,40
1421,2,2757071,Production,62
1422,14,4524382,Research,57
1423,1,2102515,Production,73
1424,5,4639928,Production,80
1425,1,290082,Prototype,71
1426,8,2400435,Prototype,80
1427,9,596744,Prototype,73
1428,15,1649985,Production,51
1429,6,4093984,Production,49
1430,8,4845248,Prototype,45
1431,14,3003220,Research,70
1432,14,481680,Production,41
1433,11,2357227,Production,87
1434,2,834139,Prototype,47
1435,14,803993,Production,56
1436,4,298037,Prototype,74
1437,5,3908659,Production,94
1438,5,4253389,Research,56
1439,6,808584,Production,52
1440,15,3185215,Research,62
1441,2,296556,Research,50
1442,12,966070,Prototype,79
1443,4,820360,Production,47
1444,15,4114781,Prototype,74
1445,13,3785087,Production,78
1446,11,4882237,Research,87
1447,9,1598502,Research,66
1448,6,759580,Production,67
1449,14,2819336,Prototype,65
1450,1,625000,Prototype,52
1451,8,4942346,Production,65
1452,7,2426845,Production,65
1453,15,3146772,Research,93
1454,15,703078,Production,65
1455,6,2475943,Prototype,72
1456,15,4223175,Production,94
1457,15,1444115,Production,49
1458,4,3122737,Research,56
1459,10,1464634,Production,74
1460,10,3585181,Prototype,82
1461,7,869823,Production,68
1462,7,3461859,Production,84
1463,1,2782260,Prototype,40
1464,1,850757,Prototype,56
1465,12,2945222,Production,68
1466,10,4693961,Production,92
1467,1,116040,Prototype,51
1468,7,4115490,Production,55
1469,14,1587835,Research,69
1470,8,3288409,Production,54
1471,4,1538271,Research,71
1472,6,3117255,Research,70
1473,15,3219584,Research,48
1474,15,2224158,Production,43
1475,8,3539447,Prototype,75
1476,6,4779912,Production,49
1477,7,2729779,Prototype,63
1478,6,1162118,Production,42
1479,3,4369164,Production,56
1480,11,4781464,Research,65
1481,2,876677,Production,73
1482,11,2471786,Research,78
1483,15,4286901,Prototype,58
1484,2,2118133,Prototype,41
1485,8,3290386,Prototype,79
1486,8,3917046,Production,43
1487,3,3629344,Research,86
1488,3,4767368,Prototype,77
1489,1,2167219,Production,59
1490,1,1717532,Research,43
1491,10,2608299,Research,84
1492,1,3198968,Prototype,71
1493,13,2793219,Production,88
1494,10,4539954,Prototype,71
1495,10,720747,Research,47
1496,3,3078725,Production,73
1497,13,4876408,Production,44
1498,4,2127799,Production,79
1499,13,1743185,Prototype,83
1500,12,1002821,Research,89
1501,9,727327,Prototype,66
1502,8,319359,Prototype,79
1503,15,920198,Production,55
1504,3,1520132,Prototype,46
1505,7,4152974,Research,74
1506,10,1969746,Production,44
1507,5,1032794,Prototype,94
1508,11,2054666,Prototype,80
1509,12,1086746,Prototype,85
1510,5,2184491,Prototype,70
1511,9,3206716,Production,40
1512,7,3634930,Prototype,60
1513,9,1807852,Research,62
1514,4,4971319,Production,74
1515,2,388697,Research,47
1516,15,894819,Research,62
1517,11,2872882,Production,62
1518,14,183155,Research,70
1519,3,4525007,Production,52
1520,4,4928546,Research,71
1521,7,1504243,Research,62
1522,11,4497019,Research,77
1523,7,4068070,Production,64
1524,6,4012995,Production,69
1525,8,4626714,Research,55
1526,14,4769081,Production,90
1527,4,3568420,Prototype,66
1528,7,4633484,Research,87
1529,12,1094225,Production,50
1530,5,2273868,Prototype,79
1531,13,945809,Production,88
1532,7,1614572,Production,80
1533,9,925912,Research,48
1534,4,4283244,Research,60
1535,11,3631509,Production,60
1536,7,2390146,Research,93
1537,6,524063,Production,89
1538,7,602093,Production,88
1539,10,2976919,Research,88
1540,13,3989713,Research,65
1541,1,568450,Research,55
1542,3,586811,Production,87
1543,3,3256977,Prototype,77
1544,2,3887056,Research,67
1545,9,1614423,Research,74
1546,1,2097831,Production,85
1547,13,2852597,Production,70
1548,13,3381104,Prototype,45
1549,9,3234155,Production,58
1550,4,1029461,Research,44
1551,1,2183765,Research,69
1552,12,3064308,Prototype,59
1553,12,1360583,Prototype,40
1554,8,3953876,Production,73
1555,9,1080405,Production,53
1556,5,4351090,Production,63
1557,6,3137268,Research,67
1558,12,4269603,Production,52
1559,11,1915679,Production,82
1560,2,4911385,Research,84
1561,13,1865677,Prototype,66
1562,1,1688109,Prototype,40
1563,3,3847325,Prototype,69
1564,13,1082587,Prototype,42
1565,13,1610501,Research,85
1566,10,768634,Production,58
1567,13,520250,Prototype,91
1568,6,4385575,Production,75
1569,11,2933799,Research,75
1570,3,2002225,Prototype,46
1571,2,4524353,Production,53
1572,1,2541288,Prototype,77
1573,3,4039176,Production,87
1574,3,185233,Production,89
1575,12,521420,Production,80
1576,1,924201,Production,87
1577,5,3394521,Prototype,82
1578,4,2813213,Production,65
1579,6,967218,Prototype,77
1580,4,4526265,Production,60
1581,8,576429,Production,73
1582,15,1610364,Research,49
1583,13,1878511,Production,55
1584,3,768172,Prototype,50
1585,9,201004,Research,81
1586,12,486911,Production,49
1587,11,3205747,Prototype,94
1588,9,503562,Production,62
1589,13,1435279,Prototype,76
1590,5,4522412,Prototype,61
1591,13,4488470,Research,47
1592,12,1929128,Production,87
1593,13,2730994,Prototype,67
1594,14,451103,Prototype,94
1595,1,746934,Prototype,76
1596,8,4411899,Production,76
1597,12,2559055,Production,45
1598,13,3942512,Research,69
1599,3,4242707,Prototype,85
1600,2,3262380,Prototype,85
1601,9,4748863,Prototype,82
1602,15,2940541,Research,89
1603,13,4797638,Production,68
1604,8,4546821,Research,53
1605,7,4220497,Production,61
1606,10,188467,Research,94
1607,7,3158576,Prototype,89
1608,10,358811,Production,84
1609,8,2202278,Production,80
1610,10,3343942,Production,88
1611,5,932342,Production,62
1612,15,422529,Production,64
1613,10,1479625,Prototype,40
1614,3,3650984,Production,90
1615,2,2932819,Production,51
1616,8,4567967,Prototype,90
1617,8,1239903,Research,89
1618,7,827770,Prototype,88
1619,7,1095553,Production,53
1620,8,2299356,Prototype,44
1621,4,2175670,Prototype,59
1622,15,3639823,Research,63
1623,12,3287454,Production,62
1624,7,4481662,Production,73
1625,13,3248068,Prototype,94
1626,9,2954314,Research,48
1627,6,980872,Production,75
1628,8,3279719,Prototype,76
1629,5,1915981,Research,64
1630,8,3342726,Production,45
1631,5,734387,Production,91
1632,13,3332744,Production,83
1633,12,3790279,Prototype,66
1634,13,2221400,Prototype,58
1635,5,2334782,Prototype,77
1636,3,321709,Prototype,50
1637,9,2028938,Prototype,61
1638,4,3740321,Production,53
1639,1,4779022,Prototype,67
1640,7,4581243,Research,50
1641,10,761376,Production,47
1642,14,1135760,Research,90
1643,3,1480786,Research,48
1644,1,4336431,Production,89
1645,2,3346588,Prototype,63
1646,7,3542561,Production,56
1647,13,2182390,Research,51
1648,15,1093952,Production,67
1649,13,3259320,Prototype,79
1650,13,1196571,Prototype,93
1651,3,3115791,Prototype,48
1652,13,4940585,Research,91
1653,7,311881,Production,54
1654,7,3114894,Prototype,62
1655,15,2446109,Prototype,45
1656,3,1193321,Research,55
1657,6,4146761,Research,78
1658,10,4204124,Research,70
1659,11,873359,Prototype,84
1660,10,4820842,Prototype,89
1661,4,3655171,Prototype,66
1662,12,2099188,Prototype,72
1663,13,3509042,Production,40
1664,13,4880238,Research,52
1665,14,2137182,Research,64
1666,8,3545117,Research,68
1667,13,3086087,Production,73
1668,1,941265,Research,45
1669,1,1072806,Production,76
1670,14,1860029,Research,74
1671,10,2029388,Prototype,80
1672,8,1048987,Research,41
1673,15,4670807,Production,77
1674,9,3894430,Prototype,54
1675,6,1680465,Production,85
1676,8,4978481,Research,74
1677,2,3728800,Research,46
1678,9,4349566,Prototype,81
1679,12,3405705,Production,56
1680,14,616612,Production,92
1681,7,2769990,Prototype,79
1682,11,1727674,Production,73
1683,13,691289,Prototype,48
1684,13,3807655,Research,81
1685,15,2606258,Prototype,66
1686,14,1433902,Production,67
1687,13,3806603,Prototype,47
1688,13,620762,Prototype,65
1689,6,2104257,Production,40
1690,9,2431052,Prototype,40
1691,12,1995115,Research,51
1692,6,3868858,Research,89
1693,7,2485170,Production,49
1694,4,1004184,Prototype,57
1695,4,1788494,Prototype,68
1696,6,2062185,Prototype,61
1697,2,1727979,Research,43
1698,7,3625684,Research,66
1699,13,3507078,Prototype,79
1700,10,3214412,Prototype,69
1701,9,3989395,Prototype,41
1702,6,3067503,Production,60
1703,1,4776033,Production,85
1704,9,3260367,Prototype,76
1705,9,720599,Research,40
1706,4,2980558,Production,84
1707,10,4448925,Research,43
1708,10,2215516,Prototype,71
1709,2,4924782,Prototype,64
1710,7,1922756,Research,91
1711,2,2809606,Research,61
1712,2,1220019,Production,71
1713,11,3652920,Prototype,60
1714,6,3810992,Prototype,53
1715,12,4585850,Production,78
1716,10,553658,Production,59
1717,12,2054647,Prototype,45
1718,8,3436516,Production,86
1719,12,3315573,Production,55
1720,15,163581,Prototype,58
1721,5,3493196,Prototype,76
1722,15,4006935,Research,93
1723,15,4814602,Prototype,79
1724,10,1903871,Research,76
1725,9,2968435,Prototype,90
1726,6,848743,Research,92
1727,13,1293531,Prototype,44
1728,5,2807644,Research,71
1729,5,4022715,Research,76
1730,3,4772572,Prototype,77
1731,6,4378947,Production,75
1732,2,4200425,Prototype,74
1733,12,3654152,Production,91
1734,15,630961,Production,92
1735,10,510771,Prototype,64
1736,1,4465503,Prototype,60
1737,15,113036,Prototype,40
1738,5,3619548,Research,53
1739,12,3435223,Research,85
1740,7,817755,Prototype,50
1741,12,422549,Production,65
1742,9,4506835,Prototype,63
1743,2,4330758,Research,85
1744,4,4958032,Prototype,51
1745,14,2290473,Production,57
1746,8,3140993,Research,63
1747,10,2953652,Production,63
1748,9,3072850,Prototype,43
1749,11,3260368,Research,69
1750,7,4151910,Research,81
1751,8,752180,Production,88
1752,14,4129624,Research,41
1753,2,2340642,Prototype,56
1754,4,4154042,Production,71
1755,2,2753988,Prototype,78
1756,10,518224,Research,87
1757,2,1549227,Research,71
1758,4,2397746,Research,91
1759,6,909075,Production,83
1760,12,714280,Research,64
1761,1,390419,Prototype,71
1762,3,2624766,Production,52
1763,1,3653670,Research,47
1764,1,2180590,Prototype,65
1765,3,2635207,Prototype,82
1766,15,2459406,Prototype,87
1767,15,1164249,Production,91
1768,1,3863288,Production,55
1769,8,2535964,Research,77
1770,3,1445504,Research,84
1771,7,3656904,Research,74
1772,12,981838,Prototype,44
1773,12,4349921,Production,62
1774,1,4118861,Prototype,62
1775,3,2193082,Research,76
1776,10,2767352,Research,68
1777,14,4677531,Production,91
1778,5,1014075,Prototype,71
1779,2,2636547,Research,40
1780,4,2088591,Production,80
1781,14,4024694,Research,91
1782,11,3202626,Research,84
1783,2,1116647,Production,48
1784,7,3660287,Production,58
1785,4,2586469,Research,69
1786,6,372435,Production,66
1787,2,784147,Production,55
1788,7,807267,Research,91
1789,2,428875,Production,48
1790,4,3372610,Prototype,41
1791,14,4902355,Production,42
1792,5,508660,Research,71
1793,6,169869,Production,60
1794,7,216733,Prototype,76
1795,12,2921329,Production,62
1796,3,2758236,Research,43
1797,8,1276970,Production,76
1798,4,1140772,Production,77
1799,7,3431279,Prototype,60
1800,3,4216298,Prototype,51
1801,7,4700440,Prototype,91
1802,5,3339812,Production,74
1803,10,4772068,Prototype,94
1804,15,1296380,Prototype,68
1805,7,4226052,Prototype,68
1806,2,3964861,Research,84
1807,11,1219518,Research,73
1808,15,606201,Prototype,64
1809,12,4951827,Research,43
1810,7,3580642,Research,57
1811,11,3581204,Prototype,53
1812,13,4977244,Production,49
1813,5,2221594,Production,50
1814,1,1881262,Production,82
1815,1,4677416,Research,43
1816,8,2074877,Production,48
1817,8,1372069,Production,78
1818,9,512884,Research,63
1819,6,2765177,Production,89
1820,10,4323590,Prototype,85
1821,8,3895997,Production,53
1822,1,1705870,Prototype,66
1823,9,2613941,Research,64
1824,8,3018311,Production,74
1825,5,3484814,Production,81
1826,4,3654556,Production,40
1827,13,983823,Research,63
1828,9,4653811,Production,45
1829,7,984322,Prototype,49
1830,12,732324,Prototype,82
1831,4,2647292,Research,75
1832,1,2144294,Prototype,78
1833,2,3516248,Production,90
1834,5,4024903,Research,52
1835,6,578550,Production,76
1836,4,1152390,Production,52
1837,14,849010,Production,47
1838,14,3411139,Prototype,41
1839,14,4261280,Prototype,45
1840,1,3118736,Research,85
1841,11,3747414,Production,46
1842,12,4471278,Prototype,62
1843,7,2438851,Prototype,63
1844,5,2490784,Production,88
1845,14,840103,Prototype,83
1846,5,4318422,Research,62
1847,4,1362452,Prototype,61
1848,2,368469,Research,84
1849,14,2972827,Research,69
1850,8,1697798,Prototype,81
1851,6,3382430,Research,59
1852,5,494135,Prototype,57
1853,10,2665938,Production,62
1854,6,544581,Prototype,42
1855,1,4934835,Production,53
1856,15,1262011,Prototype,87
1857,13,3528668,Production,43
1858,3,3481197,Prototype,72
1859,4,3084196,Production,60
1860,4,1268968,Prototype,56
1861,12,4830161,Research,52
1862,9,2112999,Production,64
1863,14,4229659,Production,56
1864,3,1574822,Research,40
1865,10,966807,Research,73
1866,2,1656366,Production,79
1867,8,3355752,Research,72
1868,4,4523713,Prototype,59
1869,11,4433322,Production,59
1870,11,2275237,Research,88
1871,2,2671997,Research,44
1872,13,2550270,Production,42
1873,13,1684556,Research,60
1874,9,252498,Production,53
1875,1,570178,Prototype,85
1876,12,4023178,Prototype,53
1877,7,849723,Production,84
1878,9,4802895,Prototype,81
1879,9,2867691,Production,92
1880,4,3234934,Research,55
1881,11,3038442,Research,53
1882,10,4070184,Research,44
1883,9,324437,Production,71
1884,12,4333856,Research,43
1885,10,2333631,Production,68
1886,5,2083194,Prototype,46
1887,6,2436219,Production,56
1888,10,1274383,Production,94
1889,9,3176969,Production,51
1890,12,2474132,Research,54
1891,13,3366575,Prototype,55
1892,6,3082030,Research,76
1893,6,3749381,Prototype,67
1894,10,3578778,Research,72
1895,7,3788758,Research,84
1896,9,1301538,Production,86
1897,7,712474,Research,59
1898,5,1963861,Research,80
1899,3,4177651,Prototype,59
1900,13,2842202,Production,40
1901,15,3973770,Research,94
1902,13,3318355,Research,44
1903,5,3734860,Research,58
1904,10,1621701,Production,69
1905,6,910725,Prototype,40
1906,7,1469070,Production,50
1907,13,227280,Research,93
1908,2,1223666,Prototype,62
1909,7,2703583,Prototype,85
1910,10,2517134,Production,84
1911,7,2443797,Prototype,83
1912,11,4972447,Production,89
1913,6,4502867,Prototype,57
1914,13,1762758,Production,55
1915,15,1481440,Production,54
1916,5,4440364,Prototype,40
1917,3,3512384,Production,61
1918,10,4539638,Production,89
1919,11,1635270,Production,88
1920,2,665480,Production,64
1921,3,1744090,Production,79
1922,6,4973762,Production,54
1923,6,1865617,Production,49
1924,14,1137758,Prototype,83
1925,9,3526291,Production,86
1926,6,728683,Prototype,86
1927,8,4477823,Prototype,42
1928,12,3774432,Research,66
1929,2,2681473,Production,46
1930,8,2844547,Prototype,56
1931,4,3478688,Prototype,93
1932,1,878829,Prototype,92
1933,3,3567829,Prototype,85
1934,12,1340340,Research,94
1935,1,2175546,Research,56
1936,11,4085749,Production,78
1937,5,136268,Research,53
1938,1,1955840,Production,49
1939,15,4271749,Prototype,82
1940,3,4745160,Prototype,80
1941,5,4558646,Prototype,61
1942,1,105945,Research,48
1943,13,677807,Production,61
1944,14,2292417,Production,50
1945,6,137162,Production,75
1946,7,4758581,Production,48
1947,3,4517207,Research,59
1948,8,4252654,Prototype,60
1949,12,3690801,Research,53
1950,6,4398726,Research,43
1951,7,3386016,Production,46
1952,13,1723827,Prototype,91
1953,12,4736449,Prototype,65
1954,2,2751872,Research,58
1955,3,3850388,Prototype,59
1956,13,2622332,Production,69
1957,1,1635015,Research,88
1958,11,3470158,Research,60
1959,4,476975,Prototype,87
1960,15,1992594,Research,66
1961,11,1253311,Prototype,53
1962,4,698390,Production,46
1963,2,4774942,Research,88
1964,12,2208221,Research,89
1965,4,746150,Research,61
1966,9,1341191,Production,47
1967,2,4547597,Production,73
1968,3,737847,Production,77
1969,5,3165291,Research,93
1970,7,2817121,Production,54
1971,13,824892,Production,91
1972,4,4883076,Research,70
1973,13,1192084,Research,84
1974,7,1410194,Research,41
1975,12,4617495,Production,54
1976,1,4876217,Research,54
1977,2,3163740,Prototype,62
1978,12,1159536,Production,76
1979,14,2818251,Prototype,63
1980,3,1704342,Research,50
1981,14,558856,Production,94
1982,5,2096992,Research,40
1983,1,3090382,Prototype,64
1984,15,2169957,Production,89
1985,5,1626824,Production,46
1986,5,3598652,Prototype,45
1987,6,1164803,Production,47
1988,6,4698293,Prototype,87
1989,6,1029762,Production,77
1990,5,2909660,Production,82
1991,15,4529153,Prototype,42
1992,13,1800083,Prototype,53
1993,4,4208716,Prototype,58
1994,4,3560797,Prototype,92
1995,6,2146965,Research,44
1996,2,4310421,Research,88
1997,2,566499,Production,76
1998,14,2081823,Prototype,81
1999,7,2437427,Research,69
2000,9,273023,Research,85
2001,8,4795671,Prototype,78
2002,2,487083,Prototype,81
2003,4,2442669,Prototype,65
2004,2,4896278,Production,52
2005,15,3621036,Prototype,81
2006,14,261010,Prototype,44
2007,12,4281961,Production,61
2008,14,4595953,Production,79
2009,6,3636764,Prototype,43
2010,10,1596626,Prototype,86
2011,13,2960818,Research,78
2012,9,979549,Research,64
2013,8,186642,Prototype,55
2014,15,3515580,Prototype,90
2015,15,2753965,Research,66
2016,11,962319,Research,93
2017,9,545851,Prototype,92
2018,10,2128724,Prototype,72
2019,10,3569595,Prototype,77
2020,15,184801,Research,62
2021,4,748864,Prototype,69
2022,6,4474378,Prototype,65
2023,3,3254436,Production,74
2024,13,4946440,Research,60
2025,5,190285,Production,76
2026,12,3503449,Research,85
2027,4,1139228,Research,51
2028,7,3753845,Production,67
2029,5,2800765,Production,89
2030,1,2481667,Prototype,59
2031,3,1916046,Prototype,70
2032,2,673859,Production,64
2033,6,577943,Production,67
2034,2,3392887,Prototype,70
2035,5,4699129,Research,75
2036,2,4131806,Production,94
2037,11,122386,Production,41
2038,11,2715452,Research,51
2039,5,1595452,Research,64
2040,12,4226480,Prototype,51
2041,15,1799854,Research,62
2042,14,4710490,Production,51
2043,8,442079,Research,55
2044,11,4376033,Research,90
2045,12,4922187,Prototype,91
2046,3,1977472,Production,64
2047,7,579412,Production,57
2048,11,3823627,Production,66
2049,8,4356665,Production,48
2050,7,219105,Prototype,45
2051,11,639683,Research,59
2052,13,1262323,Production,59
2053,4,974071,Prototype,51
2054,11,4994440,Production,48
2055,14,2981814,Prototype,82
2056,8,3959090,Prototype,62
2057,9,2738275,Prototype,58
2058,13,3355329,Production,70
2059,15,655828,Research,43
2060,4,3100824,Research,88
2061,10,3721454,Prototype,80
2062,3,3713067,Research,55
2063,4,348067,Research,74
2064,1,1574841,Production,57
2065,4,2418330,Production,44
2066,15,1584954,Production,94
2067,3,4338656,Production,73
2068,4,3534428,Research,45
2069,9,663220,Production,85
2070,4,315494,Production,51
2071,12,3723050,Production,88
2072,8,962355,Prototype,56
2073,10,1724576,Prototype,45
2074,15,4497168,Production,84
2075,9,3300180,Prototype,70
2076,12,998629,Production,74
2077,9,270070,Prototype,81
2078,4,827711,Research,47
2079,1,1845304,Production,91
2080,9,397503,Prototype,90
2081,5,424458,Research,46
2082,11,2473375,Research,71
2083,13,2998922,Prototype,46
2084,2,1497526,Prototype,68
2085,15,1310194,Production,83
2086,13,3003732,Research,87
2087,9,4415584,Research,79
2088,7,1978200,Research,87
2089,8,4100931,Prototype,86
2090,1,3984687,Research,47
2091,1,1657718,Prototype,66
2092,4,3527716,Prototype,63
2093,6,536475,Prototype,42
2094,12,2666773,Research,90
2095,3,841206,Production,41
2096,5,4559074,Research,43
2097,12,4151781,Prototype,59
2098,11,1560177,Production,66
2099,7,370878,Prototype,70
2100,8,2001059,Prototype,67
2101,12,4263221,Research,50
2102,13,2149781,Research,48
2103,12,4472772,Prototype,61
2104,15,3459530,Production,58
2105,9,2082542,Prototype,91
2106,3,2469916,Research,47
2107,7,123157,Production,83
2108,14,2058350,Production,89
2109,1,3840894,Research,55
2110,7,1660988,Research,66
2111,6,1968084,Research,56
2112,5,2405806,Prototype,42
2113,3,342350,Research,42
2114,10,4187052,Production,82
2115,15,2368267,Prototype,65
2116,8,312171,Prototype,61
2117,11,571667,Production,77
2118,15,300109,Prototype,48
2119,8,488187,Research,42
2120,15,228176,Production,42
2121,13,4287886,Prototype,46
2122,13,1269719,Prototype,94
2123,13,4020805,Prototype,73
2124,5,2377337,Prototype,46
2125,10,2278634,Production,56
2126,12,3525508,Production,40
2127,12,1904196,Research,82
2128,14,1024678,Research,48
2129,7,3625434,Production,73
2130,12,4071876,Research,84
2131,13,467535,Production,74
2132,11,1047918,Prototype,69
2133,9,2616694,Prototype,74
2134,13,4485257,Prototype,42
2135,13,1645983,Research,45
2136,1,713658,Prototype,57
2137,15,4459268,Prototype,44
2138,8,3667504,Research,44
2139,9,375740,Research,69
2140,3,3266506,Research,75
2141,3,3693488,Prototype,66
2142,11,2367338,Research,49
2143,13,1935687,Production,45
2144,11,3250083,Research,58
2145,10,3932895,Production,45
2146,8,2580493,Prototype,43
2147,8,4625844,Research,45
2148,8,1187577,Prototype,86
2149,10,2093144,Production,58
2150,8,3382226,Research,60
2151,11,3788965,Research,41
2152,4,740748,Research,50
2153,1,3606932,Research,55
2154,13,1841814,Production,42
2155,6,2906756,Production,47
2156,6,109105,Research,57
2157,2,2583291,Production,87
2158,13,3083673,Production,71
2159,15,4352979,Research,70
2160,5,1576080,Production,65
2161,6,196750,Prototype,47
2162,5,3981293,Production,51
2163,8,1175522,Prototype,78
2164,2,1923286,Prototype,71
2165,15,3813294,Production,78
2166,11,2977015,Production,51
2167,6,3472235,Research,51
2168,13,3198646,Prototype,86
2169,8,3780589,Research,75
2170,3,3500544,Prototype,89
2171,8,4985990,Research,91
2172,12,989755,Research,80
2173,3,3753617,Prototype,51
2174,2,164251,Research,56
2175,14,3736643,Prototype,64
2176,3,2999589,Research,60
2177,9,3044626,Production,90
2178,8,2163282,Prototype,72
2179,10,1115812,Production,52
2180,13,934276,Research,79
2181,11,239043,Prototype,48
2182,15,1968170,Prototype,87
2183,1,4828558,Prototype,68
2184,3,2538758,Research,87
2185,12,4002306,Prototype,67
2186,4,2514416,Prototype,58
2187,15,2587611,Production,53
2188,6,2590551,Prototype,85
2189,3,4496126,Production,47
2190,9,2531107,Production,46
2191,9,2358164,Production,71
2192,2,2496040,Prototype,93
2193,3,2978820,Research,41
2194,1,2921962,Prototype,89
2195,1,1269642,Production,66
2196,7,2593269,Research,70
2197,7,4662086,Prototype,86
2198,9,168295,Production,40
2199,3,2613261,Prototype,49
2200,6,1517282,Research,44
2201,4,4476460,Research,49
2202,1,2238795,Production,94
2203,10,3434310,Production,80
2204,7,4546514,Production,88
2205,1,897487,Research,87
2206,1,1009457,Research,86
2207,12,3507113,Production,63
2208,8,1275362,Research,89
2209,10,4556113,Research,47
2210,14,3835937,Production,62
2211,10,2705155,Production,62
2212,1,4194129,Research,71
2213,9,3815742,Research,85
2214,11,114957,Prototype,57
2215,14,3969701,Research,55
2216,10,4296571,Research,85
2217,4,3747564,Research,67
2218,3,4511731,Production,59
2219,7,3448517,Production,93
2220,14,3034419,Prototype,52
2221,12,3404275,Prototype,45
2222,4,3508791,Prototype,71
2223,13,1740208,Research,77
2224,8,3569903,Research,43
2225,2,1161342,Production,65
2226,5,2917836,Production,62
2227,15,961144,Prototype,40
2228,3,2523127,Production,67
2229,7,4662246,Prototype,47
2230,9,4403343,Research,70
2231,13,151696,Production,50
2232,4,2881523,Production,43
2233,7,4813432,Production,88
2234,7,870956,Production,51
2235,9,2683838,Production,74
2236,5,810700,Prototype,66
2237,11,1492927,Prototype,53
2238,15,1656680,Production,75
2239,11,407422,Research,75
2240,2,1296786,Production,76
2241,2,2124811,Production,78
2242,3,723203,Prototype,81
2243,5,343929,Production,45
2244,15,3243597,Production,59
2245,12,1257633,Production,58
2246,2,3213848,Prototype,80
2247,3,3125657,Prototype,84
2248,5,4062115,Research,63
2249,3,4777052,Research,68
2250,10,4758006,Production,58
2251,2,531769,Research,68
2252,4,3711289,Research,88
2253,8,450060,Prototype,89
2254,11,845430,Production,71
2255,3,2433567,Production,72
2256,12,2368507,Production,44
2257,15,2449538,Prototype,59
2258,7,504916,Research,62
2259,12,3179716,Production,94
2260,3,4307673,Prototype,43
2261,14,643622,Research,56
2262,2,2022625,Prototype,80
2263,1,3353285,Prototype,56
2264,11,4609111,Research,51
2265,11,2130570,Research,75
2266,14,3079562,Production,91
2267,5,2088623,Research,54
2268,1,2867473,Research,43
2269,10,4905262,Prototype,45
2270,10,525315,Production,53
2271,4,966359,Production,41
2272,15,2593929,Prototype,45
2273,13,1616640,Prototype,42
2274,12,2826845,Research,74
2275,3,4682930,Production,67
2276,14,1197941,Prototype,75
2277,13,1174211,Research,45
2278,3,2838702,Prototype,67
2279,11,423594,Prototype,92
2280,15,885910,Prototype,55
2281,2,1097575,Production,82
2282,10,2599047,Prototype,65
2283,2,3174316,Production,91
2284,9,1268447,Research,50
2285,1,2903332,Prototype,71
2286,4,2413744,Prototype,46
2287,11,1565884,Research,51
2288,12,3609360,Production,83
2289,10,4197067,Research,65
2290,7,661887,Prototype,44
2291,5,1940559,Research,74
2292,1,4507389,Research,59
2293,1,4634769,Production,90
2294,14,2256911,Production,73
2295,10,1002821,Research,48
2296,12,4876909,Production,55
2297,13,162269,Production,71
2298,1,1420097,Production,51
2299,11,513693,Production,83
2300,7,1554060,Production,41
2301,11,3295603,Prototype,75
2302,11,2556345,Production,44
2303,9,4167484,Prototype,75
2304,2,994673,Prototype,69
2305,10,4864388,Research,82
2306,8,946720,Prototype,87
2307,14,235181,Prototype,80
2308,13,1513179,Prototype,55
2309,15,1474578,Production,40
2310,3,2617164,Research,58
2311,5,3901965,Prototype,58
2312,15,4045044,Research,94
2313,2,1535330,Production,54
2314,12,1043271,Production,68
2315,12,248069,Prototype,52
2316,7,321561,Production,92
2317,14,4168655,Production,65
2318,4,950796,Production,61
2319,5,1779434,Production,49
2320,3,3733564,Prototype,64
2321,7,4151697,Prototype,91
2322,1,4998449,Production,71
2323,3,2937685,Production,48
2324,12,4038333,Prototype,82
2325,13,4180973,Research,84
2326,1,4290580,Production,41
2327,8,4102847,Production,82
2328,7,539905,Research,91
2329,6,3319269,Research,72
2330,5,3327409,Research,83
2331,15,2735381,Prototype,69
2332,10,492330,Prototype,61
2333,3,1416927,Research,86
2334,13,1860548,Production,73
2335,7,2064023,Research,80
2336,3,4856167,Prototype,59
2337,14,4306569,Production,67
2338,4,4464863,Production,65
2339,3,2751017,Prototype,90
2340,13,1689940,Research,51
2341,13,3800948,Research,72
2342,10,2337093,Prototype,44
2343,10,3564984,Production,42
2344,5,3695332,Production,72
2345,2,4716468,Production,41
2346,9,166359,Research,69
2347,11,4602500,Production,68
2348,11,935225,Production,66
2349,3,4560647,Production,53
2350,2,4910218,Production,92
2351,12,3840103,Research,54
2352,6,683595,Production,76
2353,11,4765210,Research,46
2354,10,3010443,Production,54
2355,6,4323624,Research,54
2356,5,1882137,Production,56
2357,10,2216416,Research,41
2358,3,3324394,Production,85
2359,12,4552787,Production,94
2360,5,2623338,Research,56
2361,6,3989691,Prototype,41
2362,12,2648807,Research,54
2363,9,3738619,Production,58
2364,2,4678477,Research,74
2365,8,4803616,Research,80
2366,3,922158,Production,69
2367,5,4144428,Production,56
2368,1,2213898,Research,60
2369,5,2185838,Production,65
2370,6,3587045,Research,90
2371,4,2228443,Research,42
2372,10,4157942,Prototype,74
2373,15,1229725,Prototype,40
2374,15,1992426,Production,58
2375,14,582637,Prototype,53
2376,7,3661306,Prototype,87
2377,9,1807747,Research,81
2378,7,1015568,Prototype,67
2379,15,3347778,Production,90
2380,14,2013635,Production,71
2381,15,692262,Prototype,92
2382,3,1886015,Production,86
2383,9,472714,Research,93
2384,14,3167313,Production,48
2385,2,4501431,Research,78
2386,9,2387923,Production,58
2387,13,1188969,Prototype,83
2388,2,4911416,Prototype,45
2389,11,4303647,Research,41
2390,9,2012352,Production,94
2391,6,2565586,Prototype,47
2392,1,2847416,Prototype,69
2393,5,559581,Research,68
2394,1,4150337,Research,73
2395,15,348286,Research,61
2396,4,153312,Production,85
2397,7,2485138,Research,67
2398,12,1893003,Research,47
2399,2,1109006,Prototype,86
2400,6,4967444,Production,58
2401,3,2554998,Prototype,57
2402,14,1672013,Research,80
2403,13,3210977,Prototype,68
2404,4,2333550,Research,68
2405,14,3629511,Production,73
2406,5,2553584,Research,50
2407,1,4867452,Research,93
2408,8,768111,Research,75
2409,12,527452,Production,84
2410,10,1396361,Production,63
2411,4,934954,Research,62
2412,7,2713035,Research,68
2413,3,557023,Prototype,85
2414,6,1711117,Research,65
2415,12,4552585,Research,60
2416,14,2552106,Production,73
2417,4,4290137,Production,79
2418,7,3135087,Production,73
2419,10,786394,Research,82
2420,2,1891241,Research,47
2421,8,1575359,Prototype,43
2422,12,4560994,Prototype,65
2423,5,1034782,Prototype,50
2424,7,4926064,Prototype,59
2425,14,2624136,Research,64
2426,10,4292765,Prototype,55
2427,7,2914117,Research,60
2428,14,1831351,Prototype,53
2429,14,538388,Prototype,43
2430,8,205114,Research,86
2431,9,2287832,Production,49
2432,9,537568,Research,63
2433,7,4660790,Production,43
2434,9,3634719,Production,50
2435,9,912717,Production,91
2436,12,133157,Research,41
2437,12,501021,Prototype,41
2438,9,1306960,Research,84
2439,5,4729002,Production,83
2440,1,400373,Research,48
2441,2,623453,Research,45
2442,15,3211105,Prototype,72
2443,14,4133527,Research,55
2444,14,2448024,Production,43
2445,5,4033664,Research,53
2446,1,4863101,Prototype,46
2447,10,1636466,Production,76
2448,12,1080129,Research,81
2449,13,1029885,Research,52
2450,14,289504,Research,40
2451,6,684545,Prototype,71
2452,11,2323502,Prototype,79
2453,11,451460,Production,73
2454,2,1094770,Production,61
2455,5,1424910,Production,70
2456,3,1023919,Research,93
2457,8,4021854,Prototype,40
2458,6,1766736,Prototype,54
2459,10,656694,Prototype,94
2460,10,2568934,Research,91
2461,10,4032996,Production,52
2462,15,2821224,Research,78
2463,15,357195,Research,74
2464,13,1105431,Prototype,52
2465,15,603550,Prototype,75
2466,13,2621238,Production,86
2467,10,3647504,Production,67
2468,2,123273,Research,49
2469,15,3194387,Production,81
2470,9,4018655,Research,56
2471,9,3839860,Production,80
2472,8,3870881,Research,85
2473,3,2980170,Research,56
2474,10,427234,Prototype,68
2475,13,1082125,Production,60
2476,2,2297178,Production,41
2477,8,2831540,Production,64
2478,11,3178973,Prototype,89
2479,14,341575,Production,93
2480,15,4942700,Production,69
2481,4,1766010,Production,84
2482,2,1512450,Research,81
2483,13,3656371,Production,58
2484,10,3254730,Prototype,84
2485,12,541169,Production,74
2486,6,2722192,Research,47
2487,4,4619610,Production,89
2488,7,1905633,Research,72
2489,2,3078376,Production,80
2490,7,3797868,Production,85
2491,4,4338956,Prototype,90
2492,7,1730254,Research,71
2493,9,4045653,Production,53
2494,7,2611586,Prototype,59
2495,13,2179821,Research,60
2496,12,4302562,Production,52
2497,12,3375273,Production,93
2498,9,4320508,Research,80
2499,13,3493644,Production,62
2500,7,2383510,Prototype,59
2501,13,2617161,Production,86
2502,5,508526,Prototype,47
2503,14,4481095,Research,72
2504,3,1140517,Prototype,55
2505,3,2567687,Prototype,57
2506,15,4998884,Prototype,76
2507,8,2961613,Research,80
2508,11,3054522,Prototype,89
2509,14,756782,Prototype,88
2510,11,1640970,Production,90
2511,7,1092433,Prototype,76
2512,10,2788464,Research,42
2513,8,3469516,Production,81
2514,13,4611545,Production,62
2515,4,1298080,Research,91
2516,1,3523080,Research,80
2517,7,2255902,Research,41
2518,2,172709,Production,86
2519,3,1312546,Research,79
2520,13,2629241,Prototype,65
2521,1,2233437,Prototype,85
2522,9,1106280,Prototype,62
2523,13,4301926,Prototype,46
2524,14,287625,Production,94
2525,12,1921814,Research,76
2526,3,3681331,Research,90
2527,1,4866919,Prototype,45
2528,14,2261058,Production,62
2529,9,1147986,Prototype,84
2530,2,528137,Research,72
2531,7,298898,Prototype,60
2532,4,1196201,Production,87
2533,10,2802181,Research,73
2534,8,4477170,Prototype,58
2535,7,4243810,Research,84
2536,13,2159404,Research,59
2537,14,4009160,Production,79
2538,14,1513922,Prototype,52
2539,2,4528906,Research,42
2540,13,4405109,Production,83
2541,2,3297424,Production,42
2542,5,3022927,Production,67
2543,8,2734402,Research,63
2544,1,1663677,Prototype,92
2545,13,2907555,Research,63
2546,11,3532192,Prototype,54
2547,6,4498195,Research,47
2548,1,3476472,Prototype,70
2549,7,4939320,Production,42
2550,8,4976324,Prototype,80
2551,14,1152726,Prototype,45
2552,1,4599643,Production,55
2553,3,2966448,Prototype,78
2554,15,2662169,Prototype,64
2555,6,4092958,Research,75
2556,7,4702993,Research,88
2557,15,2675971,Prototype,62
2558,15,3809601,Research,58
2559,15,4688069,Prototype,61
2560,10,249018,Research,88
2561,3,3825356,Production,75
2562,3,3462470,Research,41
2563,13,2252997,Production,45
2564,15,3522884,Prototype,64
2565,1,394195,Production,42
2566,8,2076655,Prototype,66
2567,10,1407425,Research,92
2568,4,2480631,Prototype,75
2569,8,4135560,Prototype,75
2570,1,3007062,Production,68
2571,4,1740082,Research,89
2572,7,3880822,Prototype,51
2573,10,2693665,Research,69
2574,15,4959514,Research,69
2575,4,2267623,Prototype,72
2576,8,1761432,Prototype,90
2577,13,3910767,Production,88
2578,11,1183771,Production,91
2579,3,3000633,Prototype,61
2580,15,3522842,Prototype,63
2581,7,3175798,Research,88
2582,9,2368186,Prototype,87
2583,15,2200313,Production,56
2584,6,308191,Research,46
2585,14,367570,Research,70
2586,10,125268,Production,68
2587,7,3589138,Production,46
2588,1,2058677,Prototype,56
2589,10,3781190,Research,55
2590,7,4440181,Prototype,54
2591,15,3160380,Production,41
2592,15,1817865,Research,92
2593,14,2727694,Research,68
2594,9,741617,Research,59
2595,2,4972625,Research,79
2596,10,1064107,Research,60
2597,14,1891003,Production,62
2598,14,1956389,Production,70
2599,2,2228525,Prototype,48
2600,2,1361724,Production,67
2601,7,1890936,Research,82
2602,1,2081465,Production,45
2603,10,4535273,Research,41
2604,4,2160975,Research,76
2605,3,3600598,Production,80
2606,8,1617816,Research,72
2607,1,1589543,Research,70
2608,3,1031869,Production,90
2609,4,1074793,Research,69
2610,10,774644,Research,90
2611,3,3504354,Research,52
2612,10,862955,Research,87
2613,14,2709392,Production,67
2614,13,2475621,Production,52
2615,5,2028907,Research,80
2616,12,4775914,Prototype,47
2617,2,663126,Research,79
2618,10,975433,Prototype,88
2619,9,2363423,Prototype,85
2620,9,481525,Research,93
2621,11,2371956,Prototype,90
2622,1,1095687,Prototype,81
2623,15,2142994,Prototype,72
2624,9,2511350,Research,92
2625,5,874074,Prototype,57
2626,3,837283,Production,78
2627,14,1954588,Prototype,58
2628,15,2927464,Prototype,74
2629,4,1172758,Prototype,44
2630,5,4545026,Research,76
2631,8,4929471,Research,75
2632,5,2807518,Prototype,66
2633,8,4162077,Research,51
2634,1,2080498,Production,94
2635,14,1182961,Prototype,46
2636,11,760344,Production,72
2637,1,2404885,Production,79
2638,15,2348517,Research,93
2639,6,1841816,Production,93
2640,7,551773,Research,71
2641,14,2876055,Prototype,42
2642,14,1461529,Production,48
2643,4,432998,Prototype,82
2644,2,183292,Production,79
2645,15,850471,Production,58
2646,8,2330794,Prototype,48
2647,4,375929,Research,59
2648,9,2688747,Production,87
2649,5,4381213,Research,64
2650,7,977241,Production,40
2651,4,584102,Production,48
2652,13,3509295,Prototype,93
2653,2,3641527,Research,41
2654,11,125249,Research,77
2655,6,2165233,Production,48
2656,10,4989987,Prototype,89
2657,4,971309,Production,52
2658,13,2815320,Production,70
2659,12,1687697,Research,70
2660,7,2049069,Research,73
2661,11,4206175,Research,50
2662,15,3244820,Prototype,80
2663,9,2664547,Research,45
2664,2,2539864,Production,59
2665,9,2626109,Prototype,58
2666,4,4381823,Prototype,86
2667,3,2096542,Production,56
2668,1,1550852,Research,80
2669,10,3861968,Production,53
2670,12,2592788,Production,40
2671,6,1334994,Prototype,77
2672,14,3005563,Production,76
2673,7,3711187,Research,40
2674,10,2424826,Research,85
2675,7,1459116,Prototype,53
2676,8,4259501,Research,79
2677,4,4472029,Prototype,89
2678,1,4062756,Research,75
2679,9,4114486,Production,55
2680,3,4329512,Research,76
2681,4,2454943,Research,57
2682,9,4127370,Research,76
2683,14,4005523,Prototype,75
2684,5,915393,Production,41
2685,6,4455161,Prototype,84
2686,1,4080340,Research,74
2687,4,3594215,Production,85
2688,4,3619677,Production,87
2689,4,1234594,Prototype,77
2690,7,4667093,Prototype,91
2691,3,2370472,Research,71
2692,10,216365,Production,55
2693,4,532033,Production,60
2694,4,4222669,Research,69
2695,10,3033721,Research,86
2696,8,3310286,Research,57
2697,13,2317984,Research,66
2698,14,1163612,Research,74
2699,6,4400498,Research,73
2700,13,3817297,Prototype,86
2701,15,4030831,Prototype,55
2702,1,2002467,Prototype,59
2703,2,3583787,Production,86
2704,9,4797980,Research,82
2705,12,4703014,Production,47
2706,8,4375487,Research,60
2707,13,303026,Production,74
2708,5,246586,Research,91
2709,5,4852191,Prototype,84
2710,13,345742,Production,63
2711,6,955022,Production,69
2712,12,4652030,Research,67
2713,1,4141093,Production,48
2714,10,3702060,Production,62
2715,1,4385303,Production,71
2716,1,3280841,Production,90
2717,5,638155,Production,92
2718,5,2156034,Prototype,43
2719,7,3624632,Production,55
2720,12,1798509,Prototype,45
2721,14,4004037,Production,68
2722,14,3006211,Research,71
2723,14,2189420,Research,91
2724,8,4495827,Research,86
2725,9,2098818,Research,58
2726,7,4942897,Research,58
2727,1,3447500,Research,45
2728,11,4558213,Production,51
2729,14,162017,Production,65
2730,2,102251,Prototype,64
2731,11,1625597,Research,60
2732,1,3725522,Research,81
2733,3,918043,Prototype,74
2734,14,931333,Research,54
2735,3,1798603,Production,88
2736,3,751851,Production,89
2737,6,387146,Production,49
2738,14,340303,Prototype,87
2739,3,2840669,Prototype,87
2740,4,4623532,Prototype,74
2741,13,1780692,Research,78
2742,5,4179948,Research,45
2743,1,2165715,Production,54
2744,8,1619577,Prototype,70
2745,12,537512,Research,87
2746,1,529698,Research,65
2747,10,2062457,Research,88
2748,5,2973794,Production,72
2749,10,4249521,Production,54
2750,9,1301556,Production,49
2751,4,4559280,Production,74
2752,12,3274291,Prototype,83
2753,15,532306,Prototype,60
2754,11,1159808,Production,68
2755,7,4892264,Production,79
2756,1,3611659,Research,70
2757,9,4485360,Production,45
2758,14,1620438,Research,84
2759,4,3752792,Prototype,92
2760,13,1706034,Research,55
2761,11,213302,Research,51
2762,5,2995775,Research,85
2763,8,3603885,Prototype,41
2764,15,2717504,Prototype,94
2765,15,1973996,Production,73
2766,4,1826160,Production,56
2767,10,869612,Production,55
2768,11,223512,Production,76
2769,8,1748910,Production,53
2770,15,4858132,Research,42
2771,9,4378021,Prototype,40
2772,11,4879392,Production,86
2773,6,4541872,Prototype,79
2774,5,2063405,Research,42
2775,8,1723317,Prototype,51
2776,1,1231333,Research,78
2777,10,673593,Prototype,55
2778,11,598331,Production,93
2779,7,497766,Research,78
2780,11,2182955,Prototype,49
2781,8,3961827,Research,86
2782,7,4335135,Prototype,54
2783,10,1191177,Production,45
2784,8,2746321,Research,57
2785,4,729940,Prototype,49
2786,3,4850943,Research,47
2787,1,279190,Production,45
2788,10,4454981,Production,50
2789,3,4173402,Prototype,72
2790,7,2661546,Production,53
2791,7,3017395,Production,48
2792,1,2835098,Prototype,91
2793,10,2159298,Research,78
2794,12,2517172,Prototype,40
2795,12,203318,Prototype,56
2796,13,413951,Research,52
2797,2,4466413,Research,64
2798,3,1723308,Prototype,80
2799,8,4985184,Prototype,65
2800,1,4280496,Production,48
2801,14,1052747,Production,81
2802,5,3288983,Research,80
2803,9,4518226,Production,88
2804,1,3624785,Production,47
2805,5,3812150,Prototype,69
2806,5,4531101,Prototype,56
2807,12,4341303,Research,48
2808,13,1972843,Research,86
2809,5,280696,Prototype,62
2810,11,1826864,Production,48
2811,4,3644537,Research,86
2812,10,446867,Research,40
2813,4,4170159,Research,91
2814,11,1212870,Production,49
2815,2,2065387,Prototype,94
2816,7,3545503,Production,77
2817,2,3558459,Research,88
2818,2,3497040,Prototype,68
2819,13,627105,Production,44
2820,5,3965491,Production,65
2821,6,4376763,Prototype,51
2822,4,2235691,Production,61
2823,2,859614,Production,53
2824,6,3651518,Production,47
2825,13,4528599,Prototype,88
2826,11,3045137,Prototype,41
2827,12,307877,Prototype,94
2828,3,2854189,Research,65
2829,13,1896102,Research,80
2830,11,1551325,Production,84
2831,7,4376807,Research,86
2832,14,4601054,Research,84
2833,15,708594,Research,48
2834,4,1898475,Prototype,48
2835,10,3863377,Prototype,91
2836,4,3826048,Research,47
2837,5,4092624,Production,85
2838,11,490093,Prototype,69
2839,9,2730533,Prototype,63
2840,4,2010461,Production,61
2841,7,1689195,Production,52
2842,4,4002929,Research,47
2843,5,1748117,Prototype,67
2844,13,2949713,Prototype,53
2845,7,824384,Prototype,74
2846,7,4715661,Production,74
2847,13,1704449,Research,52
2848,3,2890163,Research,68
2849,3,2268822,Prototype,50
2850,14,4771500,Prototype,52
2851,7,3152012,Research,51
2852,1,3887665,Production,88
2853,14,3087571,Production,85
2854,10,1048452,Production,86
2855,6,869539,Research,65
2856,13,954090,Production,89
2857,6,719012,Production,55
2858,15,486203,Prototype,61
2859,9,469812,Production,85
2860,7,1055917,Prototype,86
2861,10,4413422,Research,73
2862,2,3045906,Research,63
2863,7,2842745,Research,60
2864,5,2081598,Production,52
2865,8,3320208,Prototype,69
2866,7,1001285,Prototype,58
2867,11,1112607,Production,70
2868,6,940587,Production,73
2869,12,2149434,Research,48
2870,7,4382520,Production,51
2871,12,1484788,Production,84
2872,15,3915042,Research,67
2873,8,2451292,Research,49
2874,1,2548586,Production,73
2875,14,4497100,Prototype,76
2876,2,4260006,Prototype,76
2877,10,3896427,Prototype,40
2878,6,1916553,Research,45
2879,9,3841593,Research,53
2880,2,1614633,Production,63
2881,8,1279941,Research,69
2882,7,3835998,Production,72
2883,10,1276243,Production,73
2884,12,3630411,Research,73
2885,11,2638535,Production,81
2886,1,598880,Research,50
2887,1,4423870,Production,50
2888,5,4105806,Production,40
2889,6,3594383,Production,75
2890,11,3881009,Production,72
2891,7,3465334,Production,66
2892,8,774506,Research,41
2893,3,526212,Prototype,93
2894,7,2882666,Prototype,52
2895,4,2771002,Prototype,49
2896,13,2180121,Prototype,46
2897,6,1841212,Production,74
2898,10,3060042,Research,49
2899,10,4639583,Prototype,60
2900,8,1760465,Prototype,83
2901,13,3265015,Production,94
2902,2,771996,Production,88
2903,15,3412431,Prototype,78
2904,14,3154036,Production,49
2905,13,3523449,Research,90
2906,2,4730907,Research,85
2907,7,1787423,Prototype,45
2908,11,4367544,Prototype,80
2909,1,2528784,Research,83
2910,10,4626825,Prototype,64
2911,8,986924,Production,55
2912,10,4557329,Research,50
2913,14,1531061,Production,53
2914,2,4496759,Research,72
2915,10,517688,Production,47
2916,12,1969507,Research,66
2917,11,4458807,Prototype,52
2918,8,482365,Prototype,61
2919,2,4594948,Research,84
2920,1,4840375,Production,53
2921,1,3204709,Prototype,62
2922,7,4825815,Prototype,47
2923,9,368555,Research,92
2924,11,4770827,Prototype,71
2925,8,283958,Research,58
2926,13,3533586,Production,93
2927,12,4791185,Prototype,73
2928,11,1701952,Production,78
2929,9,4054840,Prototype,55
2930,15,3577240,Prototype,58
2931,4,3029520,Research,82
2932,15,1822731,Production,42
2933,13,2664543,Production,45
2934,8,3118490,Research,69
2935,10,3815686,Research,70
2936,14,3845306,Research,74
2937,3,3447491,Prototype,78
2938,6,1638583,Research,40
2939,3,4974398,Production,70
2940,3,4776228,Prototype,74
2941,8,4398344,Production,53
2942,14,374907,Production,52
2943,11,162666,Research,91
2944,9,2751880,Production,83
2945,6,3291303,Research,64
2946,13,1218823,Production,55
2947,8,3159190,Production,53
2948,7,2904953,Research,88
2949,9,4446400,Prototype,61
2950,12,4267542,Research,61
2951,10,4062393,Production,70
2952,9,4056610,Production,72
2953,4,3492557,Research,62
2954,15,3784200,Research,87
2955,6,2050636,Production,65
2956,13,2599325,Prototype,52
2957,1,899625,Prototype,82
2958,9,379836,Prototype,71
2959,5,2443868,Production,48
2960,12,3019588,Production,61
2961,5,1427587,Research,66
2962,15,4819773,Research,49
2963,8,3623811,Prototype,89
2964,14,2398975,Prototype,53
2965,5,2540439,Prototype,44
2966,9,2770083,Prototype,74
2967,14,4961480,Prototype,78
2968,4,1381383,Production,89
2969,13,1666149,Research,91
2970,3,4740021,Production,40
2971,2,2588155,Production,94
2972,3,3398149,Research,84
2973,12,4645874,Production,42
2974,5,1375853,Prototype,76
2975,6,1674460,Research,51
2976,13,2842794,Research,82
2977,1,1717810,Prototype,88
2978,3,4172996,Production,77
2979,1,3029034,Production,42
2980,15,1833525,Research,64
2981,6,3126738,Research,87
2982,4,2685765,Production,69
2983,15,3496425,Research,66
2984,8,2246425,Production,62
2985,6,3806882,Production,61
2986,11,360595,Prototype,77
2987,2,1402376,Research,51
2988,2,4455920,Production,40
2989,13,1366396,Prototype,64
2990,12,1610393,Prototype,52
2991,5,1492932,Research,51
2992,7,3712880,Production,51
2993,3,4106752,Research,62
2994,9,4642054,Prototype,90
2995,9,4155040,Research,41
2996,15,395752,Production,93
2997,8,744287,Production,50
2998,11,3592278,Research,53
2999,6,3355631,Production,59
3000,3,840687,Research,80
