Mission_ID,Date_ID,Product_ID,Mission_Type,Response_Time,Success_Flag
1,20220201,3,Combat,29,1
2,20210604,3,Rescue,19,1
3,20241102,4,Combat,23,1
4,20240215,4,Rescue,59,1
5,20210511,3,Rescue,18,1
6,20240226,4,Combat,23,1
7,20250409,4,Surveillance,32,0
8,20240319,4,Rescue,47,1
9,20230703,3,Surveillance,27,0
10,20250318,4,Combat,56,1
11,20251210,3,Surveillance,34,0
12,20250721,3,Rescue,5,0
13,20241024,4,Surveillance,8,1
14,20230919,3,Rescue,18,1
15,20221218,4,Surveillance,42,1
16,20251126,4,Surveillance,8,1
17,20220709,3,Rescue,10,0
18,20240618,3,Rescue,58,0
19,20211213,4,Surveillance,23,1
20,20210625,3,Combat,11,1
21,20250328,3,Rescue,18,1
22,20250512,3,Surveillance,27,1
23,20221229,4,Rescue,7,1
24,20250413,4,Rescue,53,0
25,20220811,4,Surveillance,35,1
26,20231231,4,Surveillance,12,1
27,20210609,4,Surveillance,38,0
28,20220720,4,Rescue,6,1
29,20220830,3,Surveillance,52,1
30,20230728,3,Surveillance,34,1
31,20240505,3,Surveillance,22,0
32,20220707,3,Combat,26,1
33,20211003,4,Rescue,18,1
34,20210522,3,Surveillance,41,1
35,20251129,3,Rescue,8,0
36,20240228,3,Rescue,32,1
37,20210410,3,Rescue,16,1
38,20230603,4,Combat,38,1
39,20220203,3,Surveillance,24,1
40,20230807,3,Surveillance,13,1
41,20211007,4,Rescue,10,1
42,20241029,3,Surveillance,38,1
43,20220921,3,Combat,22,0
44,20211022,3,Rescue,6,1
45,20230913,3,Combat,12,1
46,20240219,4,Combat,54,1
47,20241102,3,Combat,16,1
48,20240705,3,Surveillance,22,1
49,20241109,3,Combat,22,1
50,20220715,3,Combat,27,1
51,20240110,3,Rescue,24,0
52,20220706,3,Combat,16,1
53,20221118,4,Combat,41,1
54,20210723,3,Surveillance,17,0
55,20240302,4,Surveillance,38,1
56,20240919,4,Rescue,23,1
57,20240708,3,Combat,57,1
58,20250629,3,Surveillance,58,1
59,20251208,4,Surveillance,57,1
60,20240719,3,Rescue,57,0
61,20220906,4,Surveillance,7,1
62,20210719,3,Rescue,9,1
63,20210625,4,Surveillance,40,1
64,20220505,3,Rescue,5,1
65,20220412,4,Rescue,16,1
66,20220828,3,Combat,14,0
67,20230530,3,Rescue,37,1
68,20250209,4,Rescue,30,1
69,20241221,3,Surveillance,33,1
70,20220129,3,Combat,13,1
71,20211123,4,Rescue,56,1
72,20220912,4,Rescue,28,1
73,20251102,4,Rescue,14,1
74,20240525,3,Surveillance,10,1
75,20231012,3,Rescue,16,1
76,20220116,4,Surveillance,13,1
77,20211221,3,Combat,32,0
78,20231119,3,Combat,46,1
79,20251108,3,Rescue,20,0
80,20230501,3,Rescue,19,0
81,20251024,4,Combat,33,1
82,20230530,3,Rescue,37,1
83,20250401,4,Rescue,56,0
84,20240826,3,Combat,18,1
85,20211214,3,Surveillance,12,1
86,20230727,4,Surveillance,58,0
87,20231004,3,Combat,43,1
88,20240704,4,Combat,28,1
89,20241217,4,Surveillance,53,1
90,20220111,3,Rescue,58,1
91,20231105,3,Surveillance,39,1
92,20230907,3,Rescue,24,1
93,20250517,3,Rescue,43,1
94,20250730,3,Surveillance,37,1
95,20220421,4,Combat,17,0
96,20240305,4,Surveillance,50,1
97,20210915,3,Combat,59,1
98,20220615,3,Combat,31,1
99,20251116,3,Surveillance,43,1
100,20250118,4,Combat,54,1
101,20250619,4,Rescue,12,1
102,20250128,3,Combat,14,0
103,20240505,3,Surveillance,14,1
104,20220508,4,Rescue,55,1
105,20230409,3,Rescue,7,0
106,20220228,3,Rescue,25,1
107,20220118,4,Rescue,27,0
108,20220624,3,Combat,17,1
109,20250210,3,Surveillance,15,1
110,20230514,3,Surveillance,46,1
111,20210628,3,Surveillance,29,1
112,20251102,3,Surveillance,53,1
113,20210117,4,Surveillance,36,1
114,20250223,3,Surveillance,11,1
115,20220828,3,Surveillance,27,1
116,20250526,4,Rescue,13,1
117,20211012,4,Rescue,19,0
118,20210122,3,Surveillance,32,1
119,20240826,4,Combat,29,1
120,20240925,3,Combat,30,0
121,20210727,4,Combat,33,1
122,20230501,3,Rescue,9,0
123,20240421,4,Surveillance,22,1
124,20220529,3,Surveillance,8,0
125,20241106,3,Surveillance,49,1
126,20250807,4,Combat,27,0
127,20221115,3,Rescue,17,1
128,20230713,3,Surveillance,14,1
129,20231206,4,Combat,19,1
130,20240629,4,Surveillance,36,1
131,20241002,4,Surveillance,9,1
132,20241218,3,Combat,18,1
133,20250816,3,Combat,37,1
134,20230326,3,Surveillance,27,1
135,20220313,4,Surveillance,50,0
136,20241202,4,Rescue,14,1
137,20220611,3,Rescue,43,1
138,20230524,4,Surveillance,41,0
139,20240608,3,Combat,49,1
140,20220703,4,Surveillance,23,1
141,20240524,4,Combat,37,1
142,20240624,3,Combat,49,1
143,20241112,4,Surveillance,23,0
144,20241013,3,Rescue,27,1
145,20220507,3,Rescue,41,1
146,20230715,4,Rescue,43,0
147,20250702,4,Rescue,29,0
148,20240310,3,Surveillance,10,1
149,20241217,4,Surveillance,42,1
150,20240912,4,Combat,34,1
151,20250104,3,Combat,51,0
152,20250723,4,Combat,13,1
153,20220924,3,Rescue,9,1
154,20250225,4,Surveillance,48,1
155,20220728,4,Combat,26,1
156,20210829,4,Rescue,23,1
157,20230605,3,Surveillance,53,1
158,20221010,3,Rescue,11,1
159,20230420,4,Combat,47,1
160,20240427,3,Rescue,45,1
161,20250220,3,Combat,42,1
162,20230418,3,Rescue,34,1
163,20250427,3,Surveillance,23,1
164,20231012,3,Rescue,23,1
165,20251020,4,Combat,21,1
166,20210524,4,Combat,53,1
167,20250817,4,Rescue,26,1
168,20240810,3,Surveillance,41,1
169,20231117,4,Combat,59,1
170,20240209,4,Rescue,38,1
171,20240624,3,Combat,56,1
172,20210527,4,Rescue,12,1
173,20241001,4,Combat,38,1
174,20220823,3,Combat,50,1
175,20210404,3,Combat,46,1
176,20240228,4,Rescue,59,1
177,20230119,4,Surveillance,42,0
178,20250815,4,Combat,57,1
179,20241109,3,Combat,21,1
180,20250828,4,Surveillance,40,1
181,20230611,4,Combat,54,1
182,20210323,4,Rescue,56,0
183,20250810,3,Rescue,7,1
184,20240522,3,Combat,34,1
185,20211023,3,Surveillance,53,1
186,20250103,4,Combat,6,1
187,20220813,4,Rescue,44,0
188,20220918,4,Rescue,25,1
189,20210722,3,Combat,40,1
190,20220817,3,Surveillance,27,1
191,20220212,3,Surveillance,34,1
192,20250718,4,Combat,35,0
193,20230130,4,Rescue,23,1
194,20220522,3,Surveillance,45,0
195,20240806,4,Surveillance,12,0
196,20250602,3,Surveillance,47,1
197,20240608,4,Surveillance,21,0
198,20240310,3,Combat,46,0
199,20241217,3,Combat,29,1
200,20230107,3,Rescue,41,1
201,20210725,3,Combat,21,1
202,20250611,3,Combat,53,1
203,20250727,3,Combat,24,0
204,20221025,3,Combat,26,1
205,20220223,4,Surveillance,43,1
206,20210630,3,Surveillance,12,0
207,20250314,3,Rescue,33,1
208,20220629,4,Rescue,48,0
209,20210513,4,Rescue,9,0
210,20210212,4,Surveillance,31,1
211,20230608,4,Combat,5,0
212,20230923,4,Surveillance,58,1
213,20240412,3,Combat,36,0
214,20220925,3,Combat,28,1
215,20210403,4,Rescue,31,0
216,20211002,3,Surveillance,44,0
217,20221113,4,Combat,24,1
218,20210320,4,Rescue,58,1
219,20230831,4,Combat,38,1
220,20210611,3,Combat,35,1
221,20240117,4,Combat,44,1
222,20220819,4,Surveillance,37,0
223,20210413,3,Combat,24,1
224,20251003,3,Combat,48,0
225,20220104,4,Surveillance,21,1
226,20241228,4,Rescue,12,1
227,20230407,4,Rescue,15,1
228,20210521,3,Surveillance,45,1
229,20250730,4,Rescue,38,1
230,20250920,3,Combat,28,1
231,20250127,4,Rescue,12,0
232,20220506,4,Rescue,17,1
233,20240327,4,Surveillance,45,1
234,20230217,3,Rescue,15,0
235,20210719,3,Combat,27,1
236,20231228,3,Rescue,5,0
237,20250925,3,Surveillance,7,1
238,20210220,3,Rescue,38,1
239,20210625,3,Surveillance,58,1
240,20241215,3,Surveillance,34,0
241,20231002,4,Surveillance,5,1
242,20220816,4,Rescue,17,1
243,20250414,3,Combat,44,0
244,20250222,3,Rescue,53,1
245,20250617,3,Combat,33,0
246,20240119,3,Rescue,5,1
247,20210814,4,Rescue,50,1
248,20241014,4,Surveillance,16,1
249,20220507,4,Surveillance,21,0
250,20250412,3,Combat,57,0
251,20240115,4,Combat,38,1
252,20250807,4,Combat,31,1
253,20210930,3,Rescue,30,1
254,20220813,4,Combat,23,1
255,20250726,3,Combat,17,0
256,20220830,4,Rescue,47,1
257,20220122,4,Surveillance,41,1
258,20211115,3,Surveillance,39,0
259,20220323,3,Combat,8,1
260,20241101,4,Rescue,12,0
261,20230124,3,Surveillance,25,1
262,20251222,3,Rescue,44,1
263,20210506,3,Combat,40,1
264,20230530,3,Combat,42,1
265,20240701,4,Rescue,11,1
266,20240108,4,Surveillance,27,1
267,20251208,4,Surveillance,6,0
268,20230129,3,Surveillance,29,0
269,20230607,3,Surveillance,11,1
270,20230828,4,Combat,14,1
271,20240612,4,Rescue,24,1
272,20210410,4,Rescue,47,0
273,20240321,4,Combat,46,0
274,20240529,4,Surveillance,13,1
275,20221019,3,Combat,52,0
276,20220706,3,Rescue,22,1
277,20230601,4,Rescue,51,0
278,20251113,3,Rescue,47,0
279,20210909,3,Surveillance,13,1
280,20220326,4,Surveillance,12,1
281,20221013,3,Combat,43,1
282,20220704,3,Combat,58,1
283,20220618,4,Rescue,17,1
284,20220102,4,Combat,9,0
285,20241231,3,Rescue,35,0
286,20220404,4,Surveillance,41,0
287,20230710,4,Rescue,15,1
288,20210101,3,Combat,7,1
289,20210113,3,Rescue,19,1
290,20250720,3,Rescue,49,1
291,20250908,3,Combat,38,1
292,20230920,3,Rescue,48,1
293,20210226,4,Combat,42,1
294,20230524,4,Surveillance,11,1
295,20251129,4,Surveillance,21,1
296,20220128,4,Rescue,56,1
297,20231225,3,Surveillance,18,0
298,20240419,4,Combat,32,1
299,20220204,3,Rescue,57,1
300,20210610,4,Combat,40,1
301,20230923,3,Surveillance,40,1
302,20210507,4,Surveillance,9,0
303,20220402,3,Combat,15,1
304,20241006,3,Combat,34,1
305,20251001,4,Surveillance,46,1
306,20230915,4,Surveillance,53,1
307,20230830,4,Rescue,37,0
308,20240807,4,Surveillance,18,1
309,20220413,3,Surveillance,25,1
310,20210716,3,Combat,30,1
311,20221201,4,Surveillance,6,1
312,20211222,3,Combat,47,1
313,20230915,4,Surveillance,47,1
314,20250113,3,Rescue,46,1
315,20221203,4,Rescue,9,0
316,20210730,3,Rescue,17,1
317,20221021,4,Surveillance,29,1
318,20210525,4,Rescue,20,1
319,20230331,4,Surveillance,37,1
320,20210716,3,Surveillance,15,1
321,20240311,4,Surveillance,55,0
322,20240509,4,Surveillance,31,0
323,20220624,4,Rescue,49,1
324,20220714,4,Surveillance,57,1
325,20211129,3,Rescue,38,1
326,20220314,3,Combat,44,1
327,20240622,3,Surveillance,23,1
328,20231027,3,Combat,46,1
329,20210807,4,Combat,52,0
330,20251108,4,Combat,57,1
331,20230530,3,Combat,52,1
332,20251016,4,Surveillance,11,0
333,20250217,4,Rescue,39,1
334,20230518,4,Rescue,29,1
335,20240112,3,Combat,50,1
336,20221216,3,Surveillance,40,1
337,20250228,3,Rescue,22,1
338,20240902,3,Surveillance,29,1
339,20221111,4,Combat,35,0
340,20251007,4,Combat,42,1
341,20210513,4,Surveillance,54,1
342,20250523,4,Surveillance,49,1
343,20230124,3,Rescue,33,1
344,20230419,4,Rescue,29,1
345,20251106,4,Surveillance,25,1
346,20240927,3,Surveillance,48,1
347,20230713,4,Surveillance,9,1
348,20221114,4,Combat,29,0
349,20240827,4,Surveillance,51,1
350,20250514,3,Surveillance,25,1
351,20220102,4,Combat,6,1
352,20250418,3,Rescue,15,1
353,20250407,3,Surveillance,5,1
354,20231016,3,Combat,29,1
355,20250908,4,Surveillance,14,1
356,20220702,4,Combat,36,1
357,20230408,4,Surveillance,9,1
358,20211004,3,Surveillance,58,1
359,20221205,4,Rescue,36,1
360,20230826,3,Surveillance,25,1
361,20210311,3,Rescue,31,1
362,20240303,4,Rescue,9,0
363,20220411,3,Rescue,12,1
364,20230714,3,Rescue,27,1
365,20220106,4,Surveillance,41,1
366,20210210,4,Rescue,49,1
367,20240327,4,Rescue,11,1
368,20220118,4,Rescue,24,1
369,20240813,4,Combat,33,1
370,20240723,3,Rescue,17,1
371,20240211,3,Rescue,10,1
372,20210706,4,Surveillance,59,1
373,20250403,4,Combat,25,1
374,20240222,4,Surveillance,46,1
375,20220104,3,Combat,34,1
376,20210107,3,Combat,27,1
377,20220403,3,Surveillance,46,0
378,20240627,3,Combat,28,0
379,20250418,4,Surveillance,47,1
380,20220208,3,Rescue,48,1
381,20220618,3,Surveillance,29,0
382,20210223,3,Surveillance,39,1
383,20250430,4,Rescue,15,1
384,20220407,3,Surveillance,9,1
385,20230103,4,Rescue,49,1
386,20240120,3,Rescue,14,1
387,20240326,3,Surveillance,26,1
388,20211031,4,Rescue,53,1
389,20240724,3,Surveillance,39,1
390,20250918,3,Combat,27,1
391,20220217,3,Rescue,57,1
392,20220827,4,Surveillance,7,1
393,20220716,3,Surveillance,56,1
394,20240510,4,Surveillance,28,1
395,20210208,3,Surveillance,37,1
396,20220320,4,Rescue,16,1
397,20220906,4,Combat,21,1
398,20221210,4,Rescue,37,0
399,20251209,4,Rescue,31,1
400,20210403,3,Combat,54,1
401,20230716,3,Combat,6,1
402,20220603,3,Combat,25,1
403,20210409,3,Combat,59,1
404,20220113,3,Rescue,11,1
405,20210625,4,Rescue,16,1
406,20230226,3,Combat,32,0
407,20240513,3,Rescue,5,1
408,20220815,3,Surveillance,22,0
409,20220408,3,Surveillance,35,1
410,20251130,3,Surveillance,44,1
411,20220807,3,Rescue,57,1
412,20230602,3,Combat,56,1
413,20220811,4,Combat,51,1
414,20210904,4,Combat,33,1
415,20250114,4,Combat,42,0
416,20210408,3,Combat,48,1
417,20241213,3,Surveillance,14,1
418,20211116,3,Combat,52,1
419,20240126,3,Rescue,45,1
420,20240701,4,Surveillance,38,1
421,20250602,4,Surveillance,8,0
422,20241005,4,Surveillance,28,1
423,20210721,3,Rescue,41,1
424,20251212,4,Combat,42,1
425,20221229,4,Rescue,22,1
426,20250725,3,Combat,13,0
427,20241020,3,Rescue,15,0
428,20240109,4,Rescue,46,1
429,20251105,3,Surveillance,40,1
430,20210218,3,Rescue,45,1
431,20210708,3,Rescue,9,1
432,20240318,3,Surveillance,48,1
433,20250630,3,Surveillance,32,1
434,20240729,3,Combat,44,1
435,20220729,4,Rescue,17,0
436,20210405,3,Rescue,23,1
437,20230827,4,Surveillance,52,1
438,20240619,3,Rescue,53,1
439,20210425,4,Rescue,50,0
440,20210725,4,Surveillance,14,0
441,20251007,4,Combat,31,1
442,20210811,3,Surveillance,53,1
443,20230815,4,Combat,52,1
444,20250902,4,Combat,25,0
445,20250810,3,Rescue,52,1
446,20250626,4,Rescue,54,1
447,20240104,3,Rescue,38,1
448,20250910,3,Surveillance,38,1
449,20251014,3,Rescue,43,1
450,20250624,3,Combat,42,1
451,20231110,3,Rescue,5,0
452,20230623,3,Rescue,19,1
453,20240109,3,Combat,34,1
454,20230314,3,Rescue,52,1
455,20240212,4,Combat,50,1
456,20240220,3,Combat,26,0
457,20210117,3,Rescue,39,1
458,20251124,4,Rescue,22,1
459,20241208,4,Surveillance,42,1
460,20220506,3,Rescue,50,1
461,20220923,4,Surveillance,32,1
462,20220306,4,Rescue,18,1
463,20241207,3,Rescue,12,1
464,20240522,3,Surveillance,42,1
465,20231220,4,Rescue,45,0
466,20211215,4,Surveillance,49,1
467,20230310,4,Surveillance,35,1
468,20240426,3,Surveillance,51,1
469,20231223,4,Rescue,14,1
470,20240616,4,Rescue,28,1
471,20251120,3,Surveillance,28,1
472,20210221,3,Combat,32,0
473,20220426,4,Rescue,56,1
474,20240218,4,Rescue,26,0
475,20230714,3,Rescue,35,1
476,20250128,4,Combat,39,1
477,20250820,4,Combat,52,1
478,20220925,4,Rescue,28,1
479,20240408,3,Surveillance,44,1
480,20240929,4,Rescue,39,1
481,20250315,4,Rescue,31,1
482,20230716,3,Surveillance,16,1
483,20250702,4,Rescue,37,1
484,20211013,4,Surveillance,17,1
485,20251110,3,Surveillance,7,1
486,20210804,3,Rescue,20,1
487,20230203,3,Surveillance,35,1
488,20250807,4,Combat,36,0
489,20210728,3,Rescue,34,0
490,20221229,4,Combat,30,1
491,20240816,4,Rescue,33,0
492,20220126,3,Surveillance,30,1
493,20230402,3,Combat,10,1
494,20220307,3,Combat,53,1
495,20220905,3,Combat,15,1
496,20220202,4,Combat,12,1
497,20230630,3,Combat,26,1
498,20221218,4,Rescue,12,1
499,20231228,4,Combat,31,1
500,20230427,3,Combat,14,0
501,20211128,4,Combat,39,1
502,20250425,4,Combat,17,1
503,20220409,4,Combat,45,0
504,20230915,3,Combat,58,1
505,20250116,4,Combat,27,1
506,20210806,3,Combat,55,1
507,20251002,4,Combat,33,1
508,20251031,3,Combat,18,1
509,20210607,4,Surveillance,7,1
510,20220225,3,Rescue,54,1
511,20210412,3,Combat,15,1
512,20210523,4,Combat,54,1
513,20231207,3,Rescue,22,1
514,20240514,3,Combat,31,1
515,20250217,3,Rescue,33,1
516,20241018,3,Rescue,7,1
517,20230406,4,Surveillance,37,1
518,20220604,3,Rescue,14,1
519,20250728,4,Surveillance,16,1
520,20210822,4,Combat,31,1
521,20240304,3,Combat,33,1
522,20230807,3,Surveillance,58,1
523,20220105,3,Rescue,10,1
524,20221222,3,Surveillance,32,1
525,20250522,3,Rescue,38,1
526,20230721,3,Surveillance,41,0
527,20220610,4,Surveillance,34,1
528,20220817,3,Combat,49,1
529,20240630,4,Rescue,42,1
530,20230805,3,Surveillance,30,1
531,20220915,4,Surveillance,50,1
532,20251222,3,Combat,52,1
533,20250407,4,Rescue,32,0
534,20240202,3,Combat,57,1
535,20210403,4,Surveillance,7,1
536,20220407,4,Rescue,48,1
537,20230925,3,Surveillance,48,1
538,20240705,4,Surveillance,39,1
539,20221215,4,Rescue,30,1
540,20230302,3,Surveillance,14,1
541,20251024,3,Rescue,23,0
542,20230828,4,Surveillance,45,1
543,20230615,3,Rescue,12,0
544,20220616,4,Combat,24,0
545,20220108,3,Combat,36,1
546,20210510,3,Combat,29,1
547,20230713,3,Rescue,47,1
548,20211221,3,Rescue,19,1
549,20230228,4,Surveillance,12,1
550,20230429,4,Rescue,27,1
551,20231011,4,Surveillance,47,1
552,20210311,4,Combat,19,1
553,20230928,4,Rescue,33,1
554,20210104,3,Surveillance,44,1
555,20210531,3,Surveillance,28,1
556,20230804,4,Combat,5,1
557,20251026,3,Surveillance,43,1
558,20240224,3,Surveillance,7,0
559,20210504,4,Rescue,54,1
560,20240921,3,Combat,56,1
561,20250115,4,Surveillance,48,1
562,20250412,3,Rescue,35,1
563,20250406,3,Combat,9,1
564,20250314,3,Combat,30,1
565,20251213,4,Surveillance,35,1
566,20210505,3,Rescue,19,1
567,20251029,3,Surveillance,15,1
568,20210506,3,Surveillance,52,1
569,20210803,4,Rescue,14,0
570,20211102,3,Surveillance,27,1
571,20250409,3,Rescue,51,1
572,20240620,3,Combat,57,1
573,20230817,3,Rescue,31,1
574,20230616,4,Surveillance,23,1
575,20210120,3,Surveillance,57,1
576,20250618,4,Surveillance,33,1
577,20230605,4,Combat,13,1
578,20250205,3,Combat,37,1
579,20220406,3,Surveillance,9,0
580,20251122,4,Rescue,57,1
581,20241115,4,Rescue,51,1
582,20230205,4,Surveillance,11,1
583,20250609,3,Surveillance,29,1
584,20250117,3,Rescue,51,1
585,20210514,4,Surveillance,19,1
586,20251212,3,Surveillance,45,1
587,20240422,4,Combat,22,1
588,20240117,3,Combat,29,1
589,20221014,3,Surveillance,9,0
590,20230505,4,Rescue,28,1
591,20240919,4,Rescue,37,1
592,20220823,3,Surveillance,23,1
593,20220710,3,Combat,56,1
594,20210912,4,Rescue,24,1
595,20250424,4,Surveillance,7,1
596,20240822,3,Rescue,31,1
597,20240617,3,Surveillance,15,1
598,20231014,4,Combat,48,1
599,20210205,4,Rescue,24,1
600,20210607,3,Combat,47,1
601,20211030,3,Surveillance,54,0
602,20231119,3,Surveillance,42,0
603,20240303,4,Surveillance,28,0
604,20250825,3,Surveillance,40,1
605,20250218,4,Surveillance,21,1
606,20230402,3,Surveillance,18,1
607,20220517,4,Surveillance,21,1
608,20211224,4,Surveillance,25,1
609,20220225,4,Surveillance,26,1
610,20240829,4,Rescue,32,1
611,20210726,3,Combat,58,1
612,20251124,3,Rescue,34,1
613,20230327,3,Combat,10,1
614,20210714,4,Surveillance,5,1
615,20230722,3,Combat,15,1
616,20220220,3,Combat,43,1
617,20241108,3,Rescue,25,1
618,20231111,3,Surveillance,41,1
619,20230504,3,Combat,25,0
620,20251118,4,Surveillance,6,1
621,20250309,4,Rescue,15,1
622,20210616,3,Combat,25,1
623,20230111,3,Surveillance,47,1
624,20220115,4,Surveillance,31,1
625,20220814,3,Surveillance,33,1
626,20241216,4,Combat,38,1
627,20241108,3,Rescue,14,1
628,20210501,3,Surveillance,45,1
629,20220110,3,Rescue,31,1
630,20250705,4,Rescue,48,1
631,20251113,3,Rescue,26,1
632,20240802,3,Combat,5,1
633,20241013,3,Surveillance,11,1
634,20230805,3,Surveillance,36,0
635,20211210,4,Combat,15,1
636,20240517,4,Rescue,54,0
637,20220306,3,Combat,23,1
638,20210204,4,Combat,21,0
639,20220330,3,Combat,57,1
640,20221218,4,Surveillance,22,1
641,20240606,3,Surveillance,7,1
642,20231024,4,Rescue,55,1
643,20250701,4,Rescue,6,1
644,20230831,4,Surveillance,28,0
645,20240511,4,Combat,43,1
646,20220831,3,Surveillance,16,1
647,20210426,4,Combat,8,0
648,20220406,3,Surveillance,22,0
649,20211204,4,Rescue,59,0
650,20231123,3,Rescue,7,1
651,20250107,4,Combat,45,0
652,20210929,3,Combat,31,1
653,20240504,4,Combat,28,1
654,20230102,3,Rescue,23,1
655,20250615,4,Combat,43,1
656,20240516,4,Surveillance,58,1
657,20230117,3,Surveillance,37,1
658,20230407,3,Rescue,56,1
659,20210327,4,Combat,34,0
660,20241220,4,Surveillance,34,1
661,20240214,4,Rescue,17,1
662,20230427,3,Rescue,38,1
663,20240825,4,Surveillance,43,1
664,20211123,4,Surveillance,34,0
665,20230909,3,Surveillance,56,0
666,20250530,4,Rescue,34,0
667,20250827,4,Combat,40,1
668,20220906,4,Surveillance,16,1
669,20250116,3,Combat,59,1
670,20230624,3,Combat,11,1
671,20241020,4,Combat,27,0
672,20230926,3,Surveillance,25,1
673,20250520,3,Surveillance,23,1
674,20221108,3,Surveillance,21,1
675,20220119,3,Combat,59,1
676,20221027,4,Surveillance,42,0
677,20210402,4,Surveillance,45,0
678,20250714,3,Surveillance,26,1
679,20210715,4,Surveillance,18,1
680,20240630,4,Rescue,22,0
681,20240608,3,Rescue,37,1
682,20210831,3,Surveillance,45,1
683,20210429,4,Rescue,38,1
684,20240318,3,Surveillance,44,1
685,20251208,4,Surveillance,22,1
686,20231114,3,Combat,15,1
687,20250717,4,Surveillance,39,1
688,20210831,3,Surveillance,19,1
689,20211122,3,Combat,49,1
690,20250115,4,Rescue,35,1
691,20210912,4,Surveillance,13,1
692,20240117,3,Surveillance,16,1
693,20220504,4,Rescue,20,0
694,20210401,3,Surveillance,32,1
695,20230501,3,Surveillance,26,1
696,20221002,4,Combat,54,1
697,20210628,3,Rescue,25,0
698,20210610,3,Rescue,14,1
699,20250812,4,Surveillance,15,0
700,20221212,4,Rescue,55,1
701,20220304,3,Combat,26,1
702,20210818,4,Combat,17,1
703,20250831,3,Combat,30,0
704,20210913,3,Rescue,10,0
705,20220208,4,Rescue,37,1
706,20220429,4,Combat,35,1
707,20230718,3,Rescue,36,1
708,20240421,3,Surveillance,7,1
709,20241105,3,Rescue,5,1
710,20231011,4,Combat,31,1
711,20230215,4,Surveillance,34,0
712,20250202,4,Combat,33,1
713,20250222,3,Surveillance,13,1
714,20220122,4,Combat,31,1
715,20211021,3,Surveillance,13,1
716,20230922,4,Combat,31,1
717,20231218,3,Rescue,40,1
718,20250118,4,Combat,37,0
719,20220112,3,Combat,34,1
720,20230828,4,Combat,6,1
721,20220206,4,Surveillance,13,1
722,20210528,4,Combat,43,1
723,20250407,3,Rescue,20,1
724,20210524,4,Surveillance,58,0
725,20220820,3,Surveillance,56,1
726,20211001,4,Rescue,36,1
727,20220926,3,Surveillance,49,1
728,20230206,3,Rescue,36,1
729,20210530,3,Combat,43,1
730,20240801,4,Rescue,53,1
731,20221225,4,Surveillance,30,0
732,20230310,3,Rescue,6,1
733,20220118,3,Combat,5,0
734,20210521,4,Combat,39,1
735,20250107,3,Rescue,37,1
736,20241113,4,Surveillance,20,1
737,20240721,4,Surveillance,58,1
738,20250205,4,Rescue,58,1
739,20210919,4,Surveillance,51,0
740,20240207,3,Combat,37,1
741,20210122,4,Rescue,53,1
742,20240506,4,Rescue,59,1
743,20220103,3,Combat,27,1
744,20250806,3,Rescue,13,1
745,20220506,4,Combat,30,1
746,20211029,4,Rescue,48,0
747,20230711,3,Combat,59,1
748,20220915,3,Surveillance,9,1
749,20240224,3,Surveillance,38,1
750,20251224,4,Surveillance,18,1
751,20240721,3,Rescue,19,1
752,20230903,3,Combat,29,1
753,20210415,4,Combat,5,0
754,20250101,4,Rescue,43,1
755,20220811,3,Surveillance,42,1
756,20220311,4,Rescue,15,0
757,20250521,4,Combat,32,0
758,20250226,4,Combat,13,1
759,20251014,3,Rescue,10,1
760,20210709,3,Surveillance,53,1
761,20240207,3,Combat,31,1
762,20230619,3,Combat,13,0
763,20210128,3,Rescue,54,1
764,20250828,3,Combat,27,1
765,20240511,4,Combat,31,1
766,20220308,4,Combat,15,1
767,20220628,3,Rescue,51,1
768,20240122,3,Surveillance,46,0
769,20250622,3,Surveillance,59,1
770,20220221,3,Rescue,42,1
771,20220623,4,Rescue,38,1
772,20251016,3,Combat,57,1
773,20240405,3,Rescue,55,0
774,20210729,4,Surveillance,54,1
775,20211225,3,Surveillance,17,1
776,20250515,4,Combat,6,1
777,20221130,3,Rescue,43,1
778,20231212,4,Surveillance,54,1
779,20231230,4,Surveillance,14,1
780,20210128,4,Surveillance,48,1
781,20230715,3,Rescue,48,0
782,20241228,4,Rescue,39,1
783,20210228,4,Surveillance,53,1
784,20230410,3,Surveillance,31,1
785,20251126,4,Surveillance,20,0
786,20220109,4,Combat,12,1
787,20240408,4,Surveillance,9,1
788,20211111,4,Rescue,43,1
789,20250825,4,Surveillance,14,0
790,20231119,3,Rescue,51,0
791,20240218,3,Combat,25,1
792,20211007,3,Combat,35,1
793,20220506,3,Surveillance,36,0
794,20250207,3,Surveillance,10,1
795,20221128,4,Combat,23,0
796,20220826,3,Surveillance,8,1
797,20250617,3,Rescue,9,1
798,20241225,3,Rescue,47,1
799,20230215,4,Surveillance,14,1
800,20240816,3,Surveillance,50,1
801,20221016,3,Rescue,24,1
802,20210225,4,Rescue,54,1
803,20241207,4,Combat,21,1
804,20231107,4,Combat,40,0
805,20211015,4,Rescue,31,1
806,20240115,3,Combat,5,1
807,20231224,3,Rescue,56,0
808,20231125,3,Combat,44,1
809,20211104,3,Rescue,51,1
810,20251113,3,Combat,55,1
811,20210630,4,Surveillance,19,1
812,20220703,4,Combat,36,1
813,20210422,3,Combat,18,1
814,20250419,3,Rescue,58,1
815,20250609,4,Surveillance,54,1
816,20250826,4,Surveillance,40,1
817,20220923,3,Combat,8,0
818,20250423,4,Combat,27,1
819,20250326,4,Surveillance,8,1
820,20251017,4,Rescue,20,0
821,20230725,4,Combat,23,0
822,20240210,3,Rescue,56,1
823,20220113,3,Surveillance,48,1
824,20211227,3,Surveillance,39,1
825,20221129,3,Combat,35,1
826,20250705,4,Rescue,27,1
827,20250721,3,Rescue,7,1
828,20210415,4,Rescue,24,1
829,20221215,4,Surveillance,5,1
830,20240514,4,Combat,14,1
831,20250408,3,Combat,43,1
832,20230516,3,Combat,25,1
833,20210623,4,Combat,29,0
834,20230804,4,Rescue,6,1
835,20251123,4,Combat,12,1
836,20230222,4,Surveillance,48,0
837,20210417,4,Surveillance,30,1
838,20230227,4,Rescue,12,1
839,20250727,4,Rescue,44,0
840,20211114,4,Rescue,8,1
841,20220622,4,Rescue,24,1
842,20221115,4,Rescue,18,1
843,20250212,4,Combat,57,1
844,20220122,4,Combat,43,1
845,20220612,3,Rescue,8,1
846,20220924,4,Rescue,28,1
847,20250106,4,Rescue,31,1
848,20250808,4,Surveillance,53,0
849,20240530,4,Rescue,57,0
850,20220225,3,Rescue,7,1
851,20221026,3,Combat,29,1
852,20241210,3,Combat,33,1
853,20210503,3,Rescue,50,1
854,20210819,3,Rescue,5,1
855,20250205,4,Combat,32,1
856,20241221,4,Combat,11,1
857,20240518,4,Surveillance,9,0
858,20210503,3,Surveillance,43,0
859,20240326,3,Combat,23,1
860,20230306,4,Combat,6,0
861,20230508,4,Rescue,28,1
862,20231128,3,Combat,50,1
863,20220908,4,Combat,8,1
864,20210721,3,Combat,58,0
865,20210313,3,Combat,24,1
866,20220508,4,Combat,49,1
867,20221130,4,Combat,43,1
868,20250812,4,Rescue,31,1
869,20240508,4,Rescue,43,1
870,20230524,3,Rescue,25,1
871,20210820,4,Surveillance,50,1
872,20250216,3,Rescue,6,1
873,20240912,4,Rescue,27,0
874,20230415,3,Surveillance,25,0
875,20250615,3,Surveillance,34,1
876,20221217,4,Rescue,46,0
877,20230505,4,Combat,58,1
878,20220909,4,Surveillance,35,1
879,20231218,3,Combat,9,0
880,20220905,3,Rescue,40,0
881,20210616,4,Rescue,51,0
882,20230705,4,Surveillance,29,1
883,20251007,3,Surveillance,40,1
884,20221101,3,Surveillance,47,1
885,20220822,3,Rescue,43,1
886,20211215,4,Surveillance,34,1
887,20210619,3,Combat,45,1
888,20230114,4,Combat,5,1
889,20211113,4,Surveillance,7,1
890,20221117,3,Surveillance,24,1
891,20230603,3,Rescue,54,1
892,20220217,3,Rescue,43,1
893,20221007,4,Combat,30,0
894,20251017,4,Surveillance,5,1
895,20240616,4,Rescue,29,1
896,20210912,4,Combat,17,1
897,20241222,3,Rescue,29,1
898,20240704,3,Combat,41,1
899,20230103,4,Rescue,12,1
900,20250626,3,Rescue,21,1
901,20210118,4,Surveillance,23,1
902,20251008,3,Combat,50,1
903,20250216,3,Combat,53,0
904,20210218,4,Surveillance,36,1
905,20220722,3,Rescue,12,1
906,20251108,4,Combat,35,1
907,20220809,4,Surveillance,37,0
908,20251210,4,Rescue,31,1
909,20241005,4,Rescue,36,1
910,20230430,4,Surveillance,38,1
911,20211001,3,Surveillance,48,0
912,20250222,3,Combat,57,1
913,20210707,3,Surveillance,51,1
914,20210722,4,Rescue,54,1
915,20240420,4,Surveillance,11,1
916,20240709,3,Surveillance,57,1
917,20240516,3,Surveillance,33,0
918,20231230,3,Rescue,24,1
919,20230422,3,Combat,14,1
920,20240120,3,Combat,34,1
921,20231107,3,Surveillance,42,0
922,20220321,3,Rescue,20,1
923,20220519,4,Rescue,9,1
924,20230911,4,Rescue,32,1
925,20220120,3,Combat,48,0
926,20240918,3,Combat,31,0
927,20250619,4,Combat,45,1
928,20230730,3,Combat,33,0
929,20210325,4,Combat,12,1
930,20250303,4,Surveillance,35,0
931,20251226,4,Surveillance,46,1
932,20210918,3,Rescue,55,1
933,20250906,4,Combat,55,1
934,20230517,4,Surveillance,50,1
935,20220519,4,Combat,35,1
936,20230923,3,Combat,23,1
937,20250904,3,Rescue,28,1
938,20240521,4,Surveillance,39,1
939,20220213,3,Combat,58,0
940,20240105,3,Combat,21,0
941,20240831,4,Rescue,47,1
942,20220811,4,Rescue,30,1
943,20221024,4,Rescue,43,1
944,20240911,4,Surveillance,47,1
945,20250903,4,Surveillance,16,1
946,20250113,4,Rescue,37,1
947,20250415,3,Surveillance,57,0
948,20210104,4,Combat,56,1
949,20221113,4,Surveillance,14,1
950,20250531,3,Rescue,15,1
951,20221108,4,Combat,34,1
952,20250204,4,Rescue,41,1
953,20210425,4,Surveillance,25,1
954,20210623,3,Combat,31,1
955,20210521,3,Rescue,43,1
956,20231109,3,Rescue,30,0
957,20220130,3,Rescue,51,1
958,20250827,4,Combat,38,1
959,20220404,4,Combat,28,0
960,20230621,4,Surveillance,13,1
961,20230425,3,Rescue,19,1
962,20220311,3,Surveillance,54,1
963,20220301,4,Surveillance,56,1
964,20220701,4,Combat,21,1
965,20241021,3,Rescue,15,1
966,20220317,3,Rescue,38,1
967,20240722,3,Rescue,32,0
968,20210214,4,Rescue,23,1
969,20210704,3,Combat,12,1
970,20250629,4,Combat,23,0
971,20220121,3,Combat,28,0
972,20210416,3,Rescue,12,1
973,20241031,4,Combat,28,1
974,20220819,3,Rescue,51,0
975,20220713,3,Rescue,13,1
976,20250325,4,Combat,42,1
977,20211122,4,Surveillance,49,1
978,20250130,3,Combat,53,1
979,20240611,4,Surveillance,8,1
980,20210418,3,Surveillance,23,1
981,20240803,4,Surveillance,41,1
982,20250314,3,Combat,59,1
983,20210907,3,Combat,26,1
984,20221018,3,Surveillance,47,1
985,20211207,4,Surveillance,41,1
986,20210208,3,Surveillance,6,1
987,20210427,3,Surveillance,46,0
988,20220513,3,Rescue,54,1
989,20220908,4,Surveillance,42,1
990,20220510,4,Combat,27,1
991,20210904,4,Surveillance,43,1
992,20220809,4,Combat,24,1
993,20211014,4,Combat,32,1
994,20240908,3,Surveillance,8,1
995,20211216,3,Surveillance,16,1
996,20250603,4,Rescue,8,1
997,20251026,4,Combat,14,1
998,20251229,4,Rescue,50,1
999,20241022,3,Rescue,32,1
1000,20250507,3,Rescue,37,1
1001,20210719,4,Combat,9,1
1002,20231018,3,Surveillance,10,1
1003,20210909,4,Surveillance,32,1
1004,20251018,4,Rescue,22,0
1005,20250201,4,Combat,30,1
1006,20250122,3,Combat,51,0
1007,20250606,4,Rescue,30,1
1008,20250325,3,Combat,27,1
1009,20230619,4,Combat,8,1
1010,20240628,4,Surveillance,46,1
1011,20211122,3,Rescue,41,1
1012,20240713,4,Surveillance,34,1
1013,20230715,4,Rescue,25,1
1014,20220223,4,Combat,35,1
1015,20210524,3,Surveillance,49,1
1016,20210705,4,Rescue,5,0
1017,20210607,3,Combat,28,1
1018,20251026,3,Combat,11,1
1019,20240829,4,Rescue,33,1
1020,20220307,4,Surveillance,27,0
1021,20230807,4,Combat,29,1
1022,20210404,4,Surveillance,49,1
1023,20240903,3,Rescue,58,1
1024,20241228,3,Surveillance,49,0
1025,20240507,3,Combat,40,1
1026,20221031,4,Combat,42,1
1027,20230324,4,Surveillance,47,1
1028,20230214,4,Surveillance,50,1
1029,20221003,3,Surveillance,11,1
1030,20211212,3,Combat,30,1
1031,20221125,3,Surveillance,48,1
1032,20230529,4,Combat,30,1
1033,20241203,4,Rescue,54,0
1034,20210605,3,Rescue,13,1
1035,20221123,4,Rescue,45,1
1036,20241222,4,Surveillance,53,0
1037,20230630,3,Rescue,15,1
1038,20221001,4,Combat,6,0
1039,20210809,4,Surveillance,24,1
1040,20230403,4,Rescue,58,1
1041,20220725,3,Rescue,50,1
1042,20230206,3,Rescue,11,1
1043,20230826,3,Rescue,21,0
1044,20250428,3,Rescue,35,1
1045,20250824,3,Rescue,25,0
1046,20230511,3,Surveillance,59,0
1047,20210406,4,Rescue,36,0
1048,20250624,4,Surveillance,53,1
1049,20250205,4,Combat,53,1
1050,20240809,4,Combat,41,1
1051,20250917,4,Combat,50,1
1052,20220217,3,Rescue,22,1
1053,20230606,4,Combat,5,1
1054,20210124,4,Surveillance,42,1
1055,20240727,3,Surveillance,32,0
1056,20211222,4,Surveillance,27,1
1057,20251003,3,Surveillance,23,0
1058,20211123,3,Surveillance,41,1
1059,20230502,4,Surveillance,15,1
1060,20210906,4,Surveillance,56,1
1061,20240104,3,Rescue,24,1
1062,20220313,3,Combat,28,1
1063,20241023,4,Rescue,31,1
1064,20220727,4,Surveillance,19,1
1065,20220819,4,Surveillance,10,1
1066,20250508,4,Rescue,49,1
1067,20251215,4,Rescue,37,1
1068,20220127,4,Combat,28,1
1069,20211224,3,Rescue,56,1
1070,20221225,4,Combat,43,1
1071,20220709,4,Rescue,56,1
1072,20250220,4,Surveillance,20,1
1073,20240716,4,Combat,25,1
1074,20240217,4,Surveillance,38,0
1075,20240220,3,Surveillance,42,1
1076,20211122,4,Combat,10,1
1077,20240224,4,Rescue,16,1
1078,20240817,4,Surveillance,22,1
1079,20220225,4,Combat,26,1
1080,20211104,4,Surveillance,8,1
1081,20230929,3,Rescue,14,1
1082,20240909,3,Combat,16,1
1083,20220518,3,Combat,34,1
1084,20251023,3,Surveillance,45,0
1085,20210619,4,Rescue,16,1
1086,20220621,3,Surveillance,45,1
1087,20240220,4,Rescue,59,1
1088,20250922,4,Rescue,44,1
1089,20250627,3,Combat,59,1
1090,20210915,4,Surveillance,57,0
1091,20231206,4,Surveillance,28,1
1092,20240702,4,Rescue,53,0
1093,20210915,4,Surveillance,22,1
1094,20230926,3,Rescue,27,1
1095,20240822,4,Rescue,30,1
1096,20251007,3,Combat,52,1
1097,20251202,4,Combat,43,1
1098,20221221,3,Rescue,49,0
1099,20240124,3,Surveillance,44,1
1100,20240916,4,Combat,56,1
1101,20250105,3,Surveillance,12,0
1102,20220221,3,Combat,13,1
1103,20210116,4,Rescue,58,1
1104,20231019,3,Surveillance,11,1
1105,20241004,4,Rescue,51,1
1106,20251117,3,Surveillance,39,1
1107,20240329,3,Rescue,51,1
1108,20251118,4,Combat,50,1
1109,20210825,3,Rescue,59,1
1110,20240910,3,Rescue,22,1
1111,20220907,4,Surveillance,47,1
1112,20231223,3,Combat,48,1
1113,20230102,4,Combat,31,1
1114,20250401,3,Combat,56,1
1115,20240823,3,Surveillance,43,1
1116,20251127,3,Surveillance,48,0
1117,20211026,4,Surveillance,28,1
1118,20230122,4,Combat,55,1
1119,20220105,4,Surveillance,39,0
1120,20250330,3,Rescue,20,1
1121,20220125,3,Rescue,8,1
1122,20240523,4,Rescue,9,1
1123,20220618,4,Surveillance,50,0
1124,20220608,3,Combat,40,1
1125,20240219,4,Rescue,36,1
1126,20250225,4,Surveillance,12,1
1127,20230317,3,Surveillance,29,1
1128,20221221,4,Surveillance,54,1
1129,20240513,3,Surveillance,39,1
1130,20220825,3,Surveillance,21,1
1131,20240415,3,Surveillance,34,1
1132,20240124,4,Rescue,25,1
1133,20220727,3,Surveillance,6,1
1134,20240821,3,Surveillance,19,0
1135,20211023,4,Combat,42,1
1136,20241008,3,Surveillance,5,1
1137,20210924,4,Surveillance,5,1
1138,20241103,3,Surveillance,43,1
1139,20220412,4,Surveillance,13,1
1140,20231113,3,Combat,14,1
1141,20240429,4,Surveillance,32,0
1142,20220406,3,Surveillance,13,1
1143,20240320,3,Rescue,10,0
1144,20210405,3,Combat,43,1
1145,20230816,4,Combat,8,1
1146,20250127,3,Combat,23,0
1147,20250402,4,Surveillance,55,1
1148,20221121,3,Rescue,12,1
1149,20220828,4,Rescue,22,0
1150,20210815,3,Surveillance,53,1
1151,20211112,4,Surveillance,25,1
1152,20230920,3,Surveillance,57,1
1153,20220208,4,Combat,58,1
1154,20250406,4,Rescue,44,1
1155,20210402,3,Surveillance,52,1
1156,20240816,3,Combat,24,1
1157,20220810,3,Surveillance,10,1
1158,20210314,3,Surveillance,59,0
1159,20221030,4,Combat,12,1
1160,20240605,4,Combat,24,0
1161,20230715,3,Rescue,36,0
1162,20240826,4,Rescue,17,1
1163,20241128,3,Rescue,7,1
1164,20250411,4,Rescue,31,1
1165,20220805,4,Surveillance,26,1
1166,20221116,3,Combat,6,1
1167,20240418,3,Surveillance,55,0
1168,20220916,3,Surveillance,7,1
1169,20231124,3,Surveillance,11,1
1170,20241212,3,Rescue,51,1
1171,20240228,4,Surveillance,8,1
1172,20230818,3,Surveillance,47,1
1173,20230430,3,Combat,56,1
1174,20220115,4,Combat,19,0
1175,20250118,3,Combat,50,1
1176,20240726,4,Combat,45,0
1177,20241219,3,Combat,13,1
1178,20250208,4,Surveillance,14,1
1179,20211226,3,Rescue,22,0
1180,20241119,4,Combat,45,1
1181,20230717,3,Combat,21,1
1182,20210403,3,Combat,8,1
1183,20241102,4,Rescue,54,1
1184,20220524,4,Surveillance,40,1
1185,20210721,3,Combat,24,1
1186,20240215,3,Combat,29,1
1187,20241107,3,Rescue,21,1
1188,20210225,4,Rescue,43,1
1189,20210124,3,Surveillance,18,1
1190,20240315,3,Rescue,58,1
1191,20240904,4,Rescue,12,1
1192,20221015,3,Surveillance,24,1
1193,20210628,4,Surveillance,14,1
1194,20250807,3,Rescue,31,1
1195,20250730,3,Surveillance,12,1
1196,20210614,3,Surveillance,31,1
1197,20210121,3,Combat,54,1
1198,20240525,4,Rescue,38,1
1199,20250724,3,Rescue,17,0
1200,20231023,4,Rescue,32,1
1201,20221115,4,Surveillance,45,0
1202,20250821,4,Combat,41,1
1203,20211022,3,Surveillance,13,1
1204,20240524,4,Combat,8,1
1205,20230122,4,Combat,5,1
1206,20210514,3,Surveillance,15,1
1207,20240920,3,Combat,19,1
1208,20241102,4,Combat,28,1
1209,20210602,4,Combat,6,0
1210,20241111,3,Combat,18,1
1211,20241014,4,Surveillance,53,1
1212,20230708,4,Combat,35,1
1213,20210608,3,Combat,32,1
1214,20251121,4,Surveillance,13,1
1215,20210130,3,Rescue,35,1
1216,20241005,3,Combat,17,1
1217,20250517,4,Rescue,39,0
1218,20231003,4,Rescue,26,1
1219,20240925,3,Combat,38,1
1220,20230630,3,Rescue,12,1
1221,20230117,4,Combat,26,0
1222,20210227,3,Rescue,55,1
1223,20240807,4,Rescue,39,1
1224,20240616,3,Rescue,16,1
1225,20230218,3,Rescue,48,1
1226,20220910,3,Surveillance,52,0
1227,20240326,4,Surveillance,37,1
1228,20240925,4,Combat,27,0
1229,20221130,4,Surveillance,55,1
1230,20220827,3,Surveillance,34,1
1231,20220515,3,Rescue,27,1
1232,20250419,3,Surveillance,48,1
1233,20221122,4,Combat,28,1
1234,20240410,4,Combat,29,1
1235,20220916,4,Combat,14,1
1236,20230121,3,Combat,56,1
1237,20210123,3,Combat,35,1
1238,20251122,4,Combat,49,1
1239,20220604,4,Combat,33,1
1240,20251017,4,Combat,35,1
1241,20220530,4,Surveillance,17,1
1242,20211117,3,Combat,26,1
1243,20220529,3,Combat,34,1
1244,20211201,3,Combat,39,1
1245,20231102,4,Combat,36,0
1246,20241022,4,Combat,26,1
1247,20241022,3,Rescue,32,1
1248,20220917,3,Combat,52,1
1249,20230823,4,Surveillance,10,1
1250,20211027,3,Combat,29,1
1251,20240419,3,Combat,7,1
1252,20220514,3,Rescue,42,1
1253,20250123,4,Combat,18,1
1254,20221205,3,Combat,27,1
1255,20231117,3,Rescue,22,1
1256,20241116,3,Combat,53,1
1257,20210707,3,Combat,31,1
1258,20210217,4,Combat,46,1
1259,20220103,3,Surveillance,41,1
1260,20250827,3,Combat,27,1
1261,20230608,4,Combat,18,0
1262,20231217,4,Surveillance,47,0
1263,20240409,4,Rescue,13,1
1264,20210217,3,Combat,21,1
1265,20241018,3,Rescue,14,1
1266,20221231,4,Surveillance,46,1
1267,20240918,4,Surveillance,47,1
1268,20240904,4,Combat,11,1
1269,20220111,4,Combat,10,1
1270,20250328,3,Surveillance,14,1
1271,20220228,3,Combat,17,0
1272,20240827,3,Combat,55,1
1273,20250402,4,Rescue,27,1
1274,20240822,4,Combat,11,1
1275,20230413,3,Surveillance,37,1
1276,20220527,3,Surveillance,19,0
1277,20220515,4,Surveillance,24,1
1278,20241009,4,Combat,22,1
1279,20250415,4,Combat,52,1
1280,20220215,3,Rescue,6,1
1281,20210710,3,Surveillance,33,1
1282,20251127,4,Surveillance,32,1
1283,20220918,4,Combat,49,1
1284,20230902,4,Combat,37,1
1285,20220901,3,Surveillance,36,1
1286,20240712,4,Surveillance,10,1
1287,20221016,3,Rescue,23,1
1288,20230716,4,Rescue,53,1
1289,20240321,3,Combat,30,0
1290,20230624,4,Surveillance,45,0
1291,20210226,4,Combat,9,1
1292,20251026,3,Rescue,17,1
1293,20220317,3,Surveillance,57,1
1294,20210805,3,Combat,25,1
1295,20210715,4,Combat,6,0
1296,20211213,3,Combat,20,1
1297,20220325,4,Combat,58,1
1298,20221007,3,Combat,25,1
1299,20220106,4,Combat,31,1
1300,20220208,4,Surveillance,32,1
1301,20210219,3,Combat,21,1
1302,20210503,3,Rescue,16,1
1303,20220426,4,Rescue,8,1
1304,20240416,4,Surveillance,23,1
1305,20251221,4,Rescue,51,1
1306,20250723,4,Rescue,8,1
1307,20230205,3,Combat,26,1
1308,20231217,4,Combat,38,1
1309,20230628,4,Rescue,7,1
1310,20230712,3,Rescue,20,1
1311,20210622,4,Rescue,18,1
1312,20210609,3,Rescue,55,1
1313,20211113,3,Combat,44,1
1314,20230904,3,Combat,58,0
1315,20220301,3,Surveillance,56,0
1316,20250114,3,Rescue,27,0
1317,20240914,4,Rescue,23,1
1318,20251211,3,Surveillance,31,1
1319,20210225,3,Combat,49,1
1320,20250612,4,Combat,21,0
1321,20220411,4,Rescue,49,1
1322,20211207,3,Rescue,28,1
1323,20250626,3,Rescue,15,1
1324,20210427,3,Rescue,51,1
1325,20220510,4,Rescue,45,1
1326,20241128,3,Combat,10,1
1327,20241220,3,Combat,30,1
1328,20220410,4,Surveillance,34,0
1329,20210714,4,Surveillance,9,1
1330,20240417,3,Rescue,21,1
1331,20220304,4,Combat,9,1
1332,20220301,3,Rescue,36,1
1333,20231217,4,Rescue,48,0
1334,20250503,4,Surveillance,9,1
1335,20250401,4,Combat,40,1
1336,20241215,4,Rescue,12,1
1337,20230330,4,Rescue,22,0
1338,20250418,4,Rescue,37,1
1339,20210806,4,Combat,8,1
1340,20240730,3,Rescue,6,1
1341,20220511,4,Surveillance,36,1
1342,20240131,3,Combat,32,1
1343,20230715,4,Surveillance,50,1
1344,20250716,3,Rescue,13,1
1345,20220307,3,Combat,52,0
1346,20210325,4,Rescue,53,1
1347,20220204,4,Rescue,16,1
1348,20241103,4,Surveillance,12,1
1349,20220911,3,Surveillance,5,0
1350,20250819,3,Surveillance,38,1
1351,20210925,4,Surveillance,6,1
1352,20240810,3,Combat,25,0
1353,20220315,4,Rescue,13,1
1354,20211212,3,Rescue,57,1
1355,20240404,3,Surveillance,38,1
1356,20220110,3,Surveillance,41,0
1357,20250508,4,Rescue,44,1
1358,20220608,3,Rescue,6,1
1359,20250525,4,Surveillance,14,1
1360,20211229,3,Combat,55,1
1361,20251106,4,Surveillance,22,0
1362,20210613,4,Combat,28,1
1363,20251122,3,Surveillance,42,0
1364,20210105,3,Rescue,38,1
1365,20210625,3,Rescue,49,1
1366,20211223,3,Surveillance,42,1
1367,20210912,4,Combat,36,1
1368,20221015,4,Rescue,10,1
1369,20210604,3,Surveillance,45,1
1370,20221222,3,Surveillance,30,1
1371,20250701,3,Combat,43,1
1372,20240519,3,Surveillance,58,0
1373,20250220,3,Rescue,27,1
1374,20210618,4,Surveillance,6,1
1375,20220905,3,Surveillance,56,1
1376,20250206,3,Combat,26,1
1377,20240203,3,Surveillance,38,1
1378,20210730,4,Rescue,28,1
1379,20230909,4,Rescue,51,1
1380,20221113,3,Rescue,39,1
1381,20240227,3,Rescue,17,1
1382,20230824,4,Combat,46,1
1383,20250428,4,Surveillance,59,0
1384,20250320,3,Rescue,12,1
1385,20230316,3,Rescue,26,1
1386,20250925,4,Surveillance,11,1
1387,20221204,3,Rescue,25,0
1388,20210816,3,Rescue,32,1
1389,20250904,3,Combat,59,0
1390,20210602,4,Surveillance,51,0
1391,20221203,3,Combat,18,0
1392,20220510,3,Surveillance,56,1
1393,20240516,3,Combat,20,1
1394,20210802,4,Surveillance,11,1
1395,20221020,3,Combat,7,1
1396,20240212,3,Surveillance,52,1
1397,20240614,4,Rescue,12,0
1398,20210401,4,Surveillance,7,1
1399,20210106,3,Rescue,19,0
1400,20250721,4,Combat,19,1
1401,20220801,3,Rescue,41,1
1402,20210327,3,Rescue,17,1
1403,20211022,3,Surveillance,36,1
1404,20221030,3,Rescue,17,1
1405,20240429,4,Rescue,48,1
1406,20230225,3,Combat,57,1
1407,20211128,3,Combat,32,1
1408,20250829,4,Combat,11,1
1409,20230613,3,Combat,30,1
1410,20251228,4,Surveillance,27,1
1411,20250728,4,Rescue,8,1
1412,20220724,3,Surveillance,46,1
1413,20220903,3,Combat,19,1
1414,20210426,4,Surveillance,55,1
1415,20230407,3,Surveillance,30,0
1416,20211006,4,Surveillance,31,1
1417,20210412,3,Rescue,18,1
1418,20250330,4,Combat,34,1
1419,20231122,4,Combat,8,1
1420,20240128,4,Surveillance,39,1
1421,20221014,4,Rescue,5,1
1422,20220816,3,Surveillance,13,1
1423,20220930,3,Rescue,22,1
1424,20230803,3,Rescue,49,1
1425,20220426,4,Rescue,19,0
1426,20250127,3,Combat,47,1
1427,20250604,4,Surveillance,54,1
1428,20250819,3,Surveillance,54,1
1429,20210131,4,Surveillance,5,0
1430,20240505,3,Rescue,16,1
1431,20220716,3,Combat,44,0
1432,20210930,4,Surveillance,7,0
1433,20220623,4,Rescue,24,1
1434,20250909,3,Combat,6,1
1435,20231105,4,Combat,50,0
1436,20220326,3,Rescue,57,1
1437,20251017,4,Combat,37,1
1438,20230929,3,Combat,57,1
1439,20211021,4,Combat,17,1
1440,20250630,4,Rescue,30,1
1441,20220817,3,Surveillance,54,1
1442,20240710,3,Rescue,46,1
1443,20210807,3,Rescue,12,1
1444,20221130,4,Rescue,36,1
1445,20240803,4,Rescue,19,1
1446,20210528,3,Rescue,50,1
1447,20251227,3,Combat,49,0
1448,20240410,4,Combat,28,1
1449,20230721,4,Combat,18,0
1450,20220410,4,Rescue,9,1
1451,20231215,4,Combat,46,1
1452,20230104,3,Rescue,56,1
1453,20240111,3,Rescue,23,1
1454,20250603,4,Rescue,28,1
1455,20210308,4,Rescue,37,1
1456,20210318,4,Surveillance,32,1
1457,20240423,4,Combat,36,1
1458,20250114,3,Combat,57,1
1459,20230910,4,Surveillance,53,1
1460,20240223,3,Rescue,43,1
1461,20231031,4,Combat,40,1
1462,20250628,4,Combat,34,1
1463,20230421,4,Surveillance,48,1
1464,20240127,4,Surveillance,40,1
1465,20230516,4,Rescue,6,1
1466,20240413,4,Combat,45,1
1467,20240622,4,Rescue,20,1
1468,20221210,3,Surveillance,50,1
1469,20241003,3,Surveillance,22,1
1470,20250802,3,Rescue,43,1
1471,20250516,4,Combat,59,1
1472,20240110,3,Rescue,59,1
1473,20250623,3,Rescue,35,1
1474,20230404,3,Rescue,23,1
1475,20240405,4,Combat,9,1
1476,20230818,3,Surveillance,28,1
1477,20240124,4,Combat,32,1
1478,20250818,4,Surveillance,49,1
1479,20240925,4,Rescue,32,0
1480,20250929,3,Rescue,45,1
1481,20250227,3,Rescue,5,0
1482,20230216,4,Rescue,29,1
1483,20250821,3,Combat,55,1
1484,20210430,4,Rescue,26,1
1485,20210203,4,Rescue,58,1
1486,20221214,3,Combat,15,1
1487,20240414,4,Surveillance,56,1
1488,20221015,4,Surveillance,52,1
1489,20231231,3,Combat,36,1
1490,20240303,4,Combat,37,1
1491,20240716,4,Rescue,34,0
1492,20250322,4,Combat,6,1
1493,20230117,4,Surveillance,19,1
1494,20221119,3,Surveillance,58,1
1495,20230124,3,Rescue,22,1
1496,20220519,3,Surveillance,45,0
1497,20210203,3,Combat,12,0
1498,20210216,3,Rescue,40,1
1499,20250407,4,Rescue,49,0
1500,20211124,4,Rescue,6,1
1501,20210708,3,Combat,59,1
1502,20230507,4,Rescue,39,0
1503,20240109,3,Combat,39,1
1504,20250128,4,Surveillance,15,1
1505,20250514,4,Combat,26,1
1506,20220620,4,Surveillance,13,1
1507,20210204,3,Surveillance,40,0
1508,20230916,4,Rescue,33,0
1509,20210928,4,Surveillance,5,1
1510,20220615,4,Rescue,38,1
1511,20230502,4,Combat,55,1
1512,20231211,4,Rescue,9,1
1513,20241201,4,Rescue,46,1
1514,20240325,3,Rescue,19,1
1515,20230422,4,Rescue,38,1
1516,20250821,3,Combat,40,1
1517,20230820,3,Surveillance,44,1
1518,20250326,3,Rescue,26,1
1519,20250221,3,Rescue,42,1
1520,20210625,4,Combat,8,1
1521,20210226,3,Combat,34,0
1522,20220519,4,Rescue,51,1
1523,20250108,4,Rescue,31,0
1524,20251009,3,Surveillance,24,1
1525,20210529,4,Surveillance,23,0
1526,20240513,4,Combat,29,0
1527,20220531,4,Combat,10,1
1528,20240723,4,Surveillance,22,1
1529,20250925,3,Combat,16,1
1530,20230103,4,Rescue,27,0
1531,20211103,3,Combat,11,1
1532,20240615,4,Rescue,23,0
1533,20250614,3,Surveillance,8,0
1534,20230424,4,Surveillance,47,1
1535,20240503,4,Surveillance,10,1
1536,20250728,4,Combat,19,1
1537,20240428,4,Surveillance,19,1
1538,20250426,3,Combat,11,1
1539,20221210,3,Combat,14,0
1540,20240430,4,Rescue,18,1
1541,20220515,3,Surveillance,48,1
1542,20210912,4,Surveillance,46,0
1543,20240216,3,Rescue,8,1
1544,20230410,4,Combat,47,1
1545,20240409,4,Combat,29,1
1546,20251121,3,Combat,48,1
1547,20230621,4,Combat,18,1
1548,20211130,4,Rescue,5,1
1549,20230918,3,Rescue,26,1
1550,20210331,4,Surveillance,30,1
1551,20250622,4,Combat,24,0
1552,20220716,4,Surveillance,5,0
1553,20210131,4,Surveillance,14,1
1554,20241103,3,Rescue,19,0
1555,20210822,4,Combat,12,1
1556,20240110,4,Surveillance,13,1
1557,20250102,3,Combat,44,0
1558,20251020,4,Surveillance,53,1
1559,20221214,3,Combat,11,1
1560,20211112,4,Surveillance,51,1
1561,20210204,3,Surveillance,10,1
1562,20241023,4,Combat,16,0
1563,20220617,4,Surveillance,28,0
1564,20210430,3,Surveillance,28,1
1565,20250725,4,Combat,15,1
1566,20210811,3,Rescue,50,1
1567,20220121,3,Combat,25,1
1568,20251026,3,Rescue,25,1
1569,20251015,3,Surveillance,38,1
1570,20240629,4,Combat,44,0
1571,20221010,3,Surveillance,40,1
1572,20220606,4,Combat,55,1
1573,20241110,4,Combat,30,0
1574,20220824,3,Surveillance,11,0
1575,20230516,4,Rescue,24,1
1576,20250716,4,Surveillance,56,1
1577,20220508,4,Surveillance,15,0
1578,20250828,3,Rescue,9,1
1579,20230808,3,Surveillance,14,1
1580,20250211,3,Rescue,13,1
1581,20220527,4,Combat,35,1
1582,20211228,4,Combat,59,1
1583,20231106,4,Combat,24,1
1584,20211023,3,Combat,5,1
1585,20211105,4,Rescue,27,1
1586,20210112,4,Combat,53,1
1587,20250110,4,Rescue,10,1
1588,20240615,4,Combat,18,1
1589,20210828,4,Rescue,8,1
1590,20221123,4,Combat,33,1
1591,20221028,3,Combat,9,1
1592,20231226,3,Combat,33,1
1593,20241019,3,Surveillance,18,1
1594,20210305,3,Combat,51,0
1595,20211008,3,Rescue,40,1
1596,20231111,4,Surveillance,50,1
1597,20241201,3,Combat,40,1
1598,20230717,4,Rescue,13,1
1599,20210519,3,Combat,10,1
1600,20221206,4,Surveillance,56,0
1601,20241127,3,Rescue,21,1
1602,20240625,3,Rescue,57,1
1603,20221203,4,Rescue,47,1
1604,20210708,4,Combat,53,1
1605,20221127,4,Rescue,34,1
1606,20220222,4,Rescue,41,1
1607,20230316,3,Rescue,28,1
1608,20230331,4,Combat,53,1
1609,20221007,3,Combat,21,1
1610,20220103,3,Surveillance,21,1
1611,20240422,4,Combat,49,1
1612,20250827,4,Combat,55,1
1613,20230803,4,Rescue,6,1
1614,20221226,4,Rescue,41,1
1615,20221001,3,Surveillance,7,1
1616,20251012,4,Combat,5,1
1617,20211018,4,Surveillance,36,1
1618,20231013,3,Rescue,57,1
1619,20210801,4,Surveillance,8,1
1620,20210906,3,Combat,32,1
1621,20230513,3,Rescue,7,1
1622,20241114,3,Rescue,12,1
1623,20251202,3,Surveillance,12,1
1624,20250808,3,Combat,25,0
1625,20230504,3,Combat,57,1
1626,20250429,4,Surveillance,58,1
1627,20220216,3,Rescue,11,1
1628,20240216,3,Surveillance,21,1
1629,20240129,3,Surveillance,7,1
1630,20240518,3,Combat,13,0
1631,20250723,3,Combat,36,0
1632,20230727,4,Combat,40,1
1633,20240222,3,Surveillance,7,1
1634,20240820,3,Combat,10,1
1635,20211204,3,Rescue,6,1
1636,20250413,3,Combat,14,1
1637,20231127,3,Surveillance,49,1
1638,20210819,4,Surveillance,28,1
1639,20250826,3,Combat,38,1
1640,20210122,3,Surveillance,12,1
1641,20211231,4,Rescue,53,0
1642,20230414,4,Surveillance,7,0
1643,20240516,3,Rescue,45,1
1644,20221220,4,Rescue,47,1
1645,20211213,4,Surveillance,46,1
1646,20230823,3,Rescue,27,1
1647,20240118,4,Combat,10,1
1648,20230611,4,Surveillance,22,0
1649,20210715,3,Surveillance,58,1
1650,20240303,4,Surveillance,39,1
1651,20230119,3,Combat,59,1
1652,20230112,4,Rescue,27,0
1653,20241031,3,Combat,47,1
1654,20220701,3,Combat,36,1
1655,20211014,4,Combat,55,0
1656,20220130,3,Surveillance,51,0
1657,20251223,4,Combat,43,1
1658,20230902,3,Surveillance,42,1
1659,20211001,4,Combat,58,0
1660,20221130,4,Rescue,48,1
1661,20220102,4,Surveillance,12,1
1662,20241121,4,Combat,21,0
1663,20221221,4,Combat,34,1
1664,20250612,4,Combat,15,0
1665,20230910,4,Surveillance,24,1
1666,20250315,4,Surveillance,55,1
1667,20240219,4,Rescue,40,1
1668,20210506,3,Combat,15,1
1669,20210415,3,Surveillance,40,1
1670,20240314,3,Rescue,31,0
1671,20250824,3,Combat,20,1
1672,20231028,4,Rescue,11,1
1673,20221017,3,Combat,44,1
1674,20250106,4,Surveillance,38,0
1675,20251011,3,Surveillance,51,1
1676,20250215,3,Surveillance,38,1
1677,20210617,3,Rescue,46,1
1678,20240422,4,Combat,30,1
1679,20241102,3,Surveillance,25,1
1680,20240712,4,Surveillance,9,1
1681,20230522,3,Surveillance,7,1
1682,20210710,3,Surveillance,20,1
1683,20221027,3,Rescue,36,1
1684,20210407,3,Surveillance,34,1
1685,20241102,4,Surveillance,41,1
1686,20230607,4,Rescue,29,1
1687,20230915,3,Surveillance,43,0
1688,20210725,4,Surveillance,13,1
1689,20241004,3,Combat,19,1
1690,20210129,3,Surveillance,55,1
1691,20250425,3,Surveillance,52,1
1692,20250731,4,Surveillance,37,1
1693,20220421,4,Combat,57,1
1694,20210322,3,Rescue,44,0
1695,20240426,4,Combat,48,0
1696,20210212,3,Combat,12,0
1697,20210531,3,Rescue,59,1
1698,20241205,4,Rescue,35,1
1699,20210417,3,Surveillance,40,1
1700,20240918,4,Surveillance,15,0
1701,20250109,3,Surveillance,30,1
1702,20250917,4,Combat,9,1
1703,20250513,4,Combat,14,1
1704,20250428,4,Combat,21,1
1705,20210926,4,Surveillance,24,1
1706,20230619,3,Surveillance,12,1
1707,20221115,3,Rescue,45,1
1708,20210608,4,Surveillance,35,1
1709,20220205,4,Combat,27,0
1710,20241005,3,Combat,47,1
1711,20221201,4,Surveillance,20,1
1712,20211026,4,Combat,36,1
1713,20220203,4,Surveillance,5,1
1714,20250826,4,Rescue,26,1
1715,20221027,4,Combat,52,1
1716,20210828,3,Combat,56,0
1717,20221106,3,Combat,21,0
1718,20221230,4,Combat,14,0
1719,20210316,3,Surveillance,5,1
1720,20210726,4,Surveillance,23,1
1721,20211008,4,Rescue,34,1
1722,20210910,4,Combat,44,1
1723,20240713,3,Combat,58,1
1724,20241105,3,Surveillance,45,0
1725,20231113,4,Rescue,11,0
1726,20210207,4,Combat,34,1
1727,20210824,4,Rescue,11,1
1728,20221014,3,Surveillance,49,1
1729,20221215,4,Combat,38,1
1730,20220307,4,Rescue,56,1
1731,20250209,4,Surveillance,28,1
1732,20250101,4,Combat,24,1
1733,20230806,4,Surveillance,27,1
1734,20221130,3,Combat,32,1
1735,20220914,3,Combat,22,1
1736,20210315,4,Rescue,59,1
1737,20221025,3,Rescue,26,0
1738,20240326,4,Surveillance,55,1
1739,20251025,3,Rescue,50,0
1740,20220909,3,Combat,14,0
1741,20221117,3,Rescue,53,1
1742,20250111,3,Combat,45,1
1743,20221107,4,Surveillance,29,1
1744,20250505,3,Surveillance,30,1
1745,20220922,4,Combat,38,1
1746,20210509,3,Rescue,19,1
1747,20221018,3,Rescue,47,1
1748,20230722,4,Combat,16,1
1749,20220402,4,Rescue,47,1
1750,20240614,3,Rescue,31,1
1751,20210410,3,Rescue,12,1
1752,20250619,3,Rescue,50,0
1753,20211119,3,Rescue,53,1
1754,20230415,3,Combat,16,1
1755,20230828,4,Combat,11,1
1756,20210817,3,Combat,5,1
1757,20250330,4,Combat,8,1
1758,20250619,4,Surveillance,40,1
1759,20230122,4,Rescue,26,1
1760,20240925,4,Rescue,26,0
1761,20240705,3,Surveillance,20,1
1762,20210928,4,Surveillance,44,1
1763,20210507,4,Surveillance,42,1
1764,20250121,4,Rescue,10,1
1765,20221227,3,Combat,48,1
1766,20240422,3,Combat,38,1
1767,20230217,4,Rescue,51,1
1768,20230610,3,Surveillance,21,1
1769,20230605,3,Surveillance,34,1
1770,20230219,4,Combat,51,1
1771,20230619,4,Surveillance,19,1
1772,20210410,3,Surveillance,29,1
1773,20210408,3,Surveillance,53,1
1774,20210518,3,Rescue,8,1
1775,20240617,4,Combat,7,1
1776,20210507,4,Rescue,53,1
1777,20231130,4,Surveillance,29,1
1778,20230617,3,Surveillance,22,1
1779,20240208,3,Rescue,41,1
1780,20230323,3,Surveillance,56,1
1781,20221226,3,Surveillance,6,0
1782,20221208,3,Combat,37,1
1783,20220917,4,Combat,18,1
1784,20211215,4,Combat,43,1
1785,20240508,3,Rescue,30,1
1786,20220414,4,Combat,16,1
1787,20250724,4,Rescue,5,1
1788,20230620,3,Combat,39,1
1789,20231225,3,Rescue,22,1
1790,20241219,4,Surveillance,45,1
1791,20210813,3,Rescue,51,1
1792,20240426,3,Combat,49,1
1793,20221229,4,Surveillance,6,1
1794,20210318,3,Rescue,5,0
1795,20210115,3,Surveillance,17,1
1796,20250726,3,Combat,57,1
1797,20230527,4,Surveillance,24,1
1798,20220524,4,Combat,14,1
1799,20210108,3,Surveillance,32,1
1800,20240916,3,Rescue,56,1
1801,20230606,4,Combat,39,0
1802,20220518,3,Combat,16,1
1803,20220514,4,Combat,58,1
1804,20211021,4,Combat,48,1
1805,20220206,3,Combat,25,1
1806,20220906,4,Surveillance,17,1
1807,20240708,3,Rescue,57,1
1808,20250713,4,Rescue,43,0
1809,20240404,4,Combat,48,1
1810,20220216,4,Surveillance,33,0
1811,20220413,3,Surveillance,36,1
1812,20220914,3,Surveillance,7,1
1813,20230809,3,Surveillance,49,1
1814,20210128,3,Rescue,37,1
1815,20220906,4,Surveillance,12,1
1816,20220326,3,Combat,22,0
1817,20210108,4,Surveillance,38,1
1818,20250422,3,Surveillance,51,1
1819,20230519,3,Combat,5,1
1820,20220222,3,Surveillance,37,1
1821,20210112,3,Surveillance,17,0
1822,20240305,4,Rescue,48,1
1823,20210401,3,Combat,44,1
1824,20230604,3,Surveillance,53,1
1825,20241202,4,Combat,51,1
1826,20210818,3,Combat,54,0
1827,20250720,3,Surveillance,51,1
1828,20250724,4,Surveillance,54,1
1829,20220812,4,Combat,50,1
1830,20210720,3,Combat,10,0
1831,20250811,3,Combat,41,1
1832,20241126,3,Combat,31,1
1833,20241020,3,Rescue,26,1
1834,20240606,3,Rescue,35,1
1835,20240615,4,Combat,41,1
1836,20240730,3,Combat,26,1
1837,20210411,4,Combat,36,0
1838,20210719,4,Surveillance,32,1
1839,20250407,3,Surveillance,47,1
1840,20230314,3,Surveillance,21,1
1841,20221101,4,Combat,43,0
1842,20210510,3,Surveillance,55,1
1843,20211027,3,Surveillance,28,0
1844,20210910,3,Combat,36,1
1845,20221211,4,Combat,50,0
1846,20210605,4,Surveillance,34,0
1847,20231216,4,Rescue,40,1
1848,20220508,3,Surveillance,21,0
1849,20230516,3,Combat,49,1
1850,20210408,3,Surveillance,57,1
1851,20240914,4,Combat,37,1
1852,20230825,4,Surveillance,45,1
1853,20210211,4,Rescue,41,1
1854,20240306,4,Surveillance,14,1
1855,20240307,4,Rescue,32,1
1856,20231013,4,Surveillance,14,1
1857,20210327,4,Surveillance,32,1
1858,20210511,4,Combat,45,0
1859,20230827,4,Rescue,37,1
1860,20231014,4,Rescue,17,1
1861,20230904,4,Rescue,31,1
1862,20251004,4,Rescue,8,1
1863,20211015,4,Surveillance,54,1
1864,20230410,3,Combat,42,1
1865,20250907,3,Combat,25,0
1866,20250606,4,Rescue,40,1
1867,20240907,4,Combat,46,1
1868,20240509,4,Combat,38,1
1869,20241111,3,Rescue,34,1
1870,20210525,4,Combat,30,1
1871,20250207,4,Rescue,6,1
1872,20250116,4,Rescue,42,1
1873,20250515,4,Surveillance,28,1
1874,20240824,3,Combat,53,1
1875,20250507,4,Surveillance,28,1
1876,20220820,4,Combat,10,1
1877,20240224,3,Combat,58,1
1878,20250912,4,Surveillance,57,1
1879,20231201,4,Surveillance,15,1
1880,20211115,4,Rescue,21,0
1881,20210823,3,Combat,59,1
1882,20241130,4,Rescue,24,1
1883,20230325,3,Combat,39,0
1884,20230725,4,Surveillance,50,1
1885,20210829,4,Rescue,22,1
1886,20211213,3,Surveillance,19,1
1887,20220408,4,Combat,32,0
1888,20250401,3,Rescue,40,1
1889,20211231,4,Combat,52,1
1890,20221115,3,Surveillance,11,1
1891,20241219,3,Rescue,52,1
1892,20230809,4,Rescue,51,1
1893,20240814,4,Surveillance,32,1
1894,20240906,4,Rescue,11,1
1895,20241127,3,Combat,40,0
1896,20220924,4,Combat,56,1
1897,20210907,3,Rescue,12,1
1898,20230614,3,Surveillance,26,1
1899,20211106,3,Combat,18,1
1900,20241026,4,Surveillance,5,1
1901,20221118,4,Rescue,8,1
1902,20230325,4,Rescue,25,1
1903,20231010,4,Surveillance,24,1
1904,20250807,3,Combat,7,1
1905,20251117,3,Rescue,46,1
1906,20241215,3,Rescue,5,0
1907,20251224,3,Rescue,39,1
1908,20230525,4,Surveillance,28,1
1909,20221023,3,Combat,30,1
1910,20250417,3,Combat,16,1
1911,20230712,4,Surveillance,26,1
1912,20240928,3,Rescue,36,1
1913,20250810,3,Rescue,56,1
1914,20220716,4,Surveillance,43,1
1915,20220412,4,Surveillance,24,1
1916,20231110,4,Surveillance,16,1
1917,20230115,3,Combat,59,1
1918,20230424,4,Rescue,41,0
1919,20221021,3,Combat,22,1
1920,20231101,3,Rescue,52,1
1921,20210315,3,Rescue,18,1
1922,20220501,3,Surveillance,16,1
1923,20230109,4,Rescue,48,1
1924,20220126,3,Surveillance,10,1
1925,20230308,4,Combat,19,1
1926,20250413,4,Combat,21,1
1927,20241105,3,Combat,12,1
1928,20230217,3,Combat,22,1
1929,20251122,4,Combat,56,1
1930,20241212,4,Rescue,21,1
1931,20250522,4,Combat,43,1
1932,20220402,4,Combat,31,0
1933,20230427,4,Combat,55,1
1934,20250204,3,Combat,44,1
1935,20211225,3,Combat,21,0
1936,20250412,3,Combat,30,1
1937,20230824,4,Combat,18,0
1938,20230215,4,Combat,56,1
1939,20231201,3,Surveillance,51,1
1940,20231210,4,Rescue,20,1
1941,20230519,4,Rescue,13,0
1942,20251106,3,Combat,43,1
1943,20230619,4,Surveillance,31,1
1944,20251111,3,Rescue,15,1
1945,20220825,4,Combat,45,1
1946,20250203,4,Combat,39,1
1947,20211027,4,Combat,14,1
1948,20220114,3,Surveillance,34,1
1949,20210704,4,Combat,38,1
1950,20251227,4,Rescue,31,0
1951,20220930,4,Rescue,16,1
1952,20240922,3,Rescue,9,0
1953,20250619,3,Combat,20,1
1954,20240920,3,Surveillance,41,1
1955,20250531,4,Combat,5,1
1956,20240125,3,Surveillance,58,1
1957,20230409,4,Combat,31,1
1958,20250429,3,Combat,11,1
1959,20251101,3,Combat,34,1
1960,20250607,3,Combat,32,1
1961,20250531,4,Combat,14,1
1962,20240218,4,Combat,44,0
1963,20210830,4,Rescue,27,0
1964,20250907,3,Surveillance,17,1
1965,20210619,3,Rescue,49,1
1966,20250114,4,Combat,9,1
1967,20230327,4,Rescue,35,1
1968,20220226,4,Combat,57,1
1969,20231220,3,Surveillance,30,1
1970,20250222,3,Combat,41,1
1971,20220104,3,Rescue,28,1
1972,20230102,3,Rescue,53,1
1973,20250627,4,Surveillance,15,0
1974,20230121,3,Surveillance,44,1
1975,20230201,3,Surveillance,31,0
1976,20210923,4,Surveillance,46,1
1977,20230410,3,Combat,26,1
1978,20220226,3,Surveillance,19,1
1979,20250129,4,Surveillance,56,0
1980,20250530,3,Combat,48,1
1981,20220114,3,Surveillance,34,1
1982,20251121,4,Surveillance,29,1
1983,20220820,3,Surveillance,41,1
1984,20211108,3,Surveillance,14,1
1985,20240430,4,Combat,6,1
1986,20251218,3,Surveillance,9,0
1987,20250323,4,Combat,59,0
1988,20230916,3,Surveillance,26,1
1989,20210713,3,Rescue,15,1
1990,20210225,3,Surveillance,50,1
1991,20251105,4,Rescue,56,1
1992,20230823,4,Surveillance,8,1
1993,20211204,3,Combat,44,1
1994,20241220,3,Rescue,16,1
1995,20220205,4,Combat,46,1
1996,20240906,4,Rescue,30,1
1997,20230119,4,Combat,18,1
1998,20220910,4,Combat,31,1
1999,20220901,4,Rescue,54,1
2000,20211214,4,Combat,38,1
2001,20241120,4,Combat,9,1
2002,20230820,4,Combat,9,1
2003,20250321,3,Combat,47,1
2004,20210916,3,Combat,57,1
2005,20250212,3,Surveillance,12,1
2006,20250411,3,Surveillance,19,1
2007,20220412,3,Rescue,40,1
2008,20250325,4,Combat,48,1
2009,20240628,4,Combat,42,1
2010,20210718,4,Surveillance,37,1
2011,20250527,3,Rescue,56,1
2012,20240925,4,Surveillance,53,0
2013,20231016,4,Surveillance,20,1
2014,20240619,4,Combat,19,1
2015,20241026,3,Surveillance,59,1
2016,20210304,3,Surveillance,19,1
2017,20211003,3,Rescue,27,1
2018,20221023,4,Combat,51,0
2019,20230309,4,Rescue,57,1
2020,20220613,4,Rescue,9,1
2021,20241128,4,Surveillance,8,1
2022,20220213,3,Combat,29,1
2023,20220611,4,Rescue,17,1
2024,20241030,4,Surveillance,28,1
2025,20220519,4,Combat,9,1
2026,20240131,3,Combat,14,1
2027,20210311,4,Rescue,14,1
2028,20231119,3,Rescue,44,1
2029,20240304,4,Surveillance,43,0
2030,20211227,4,Rescue,31,0
2031,20230702,4,Rescue,36,1
2032,20230128,4,Combat,5,1
2033,20250811,4,Surveillance,29,1
2034,20210412,4,Combat,53,1
2035,20240514,3,Rescue,27,1
2036,20241114,4,Combat,41,1
2037,20210528,3,Rescue,33,1
2038,20230519,4,Combat,43,1
2039,20220709,4,Rescue,10,1
2040,20240518,3,Rescue,40,1
2041,20251219,4,Rescue,5,0
2042,20240510,4,Rescue,18,0
2043,20240530,3,Combat,45,1
2044,20250928,4,Rescue,10,0
2045,20230427,4,Surveillance,16,1
2046,20250524,3,Combat,51,0
2047,20251025,3,Surveillance,36,1
2048,20210331,4,Surveillance,6,1
2049,20231207,4,Surveillance,34,1
2050,20250511,3,Surveillance,22,1
2051,20250414,4,Combat,47,1
2052,20220611,4,Surveillance,57,1
2053,20251221,4,Rescue,27,0
2054,20250707,4,Surveillance,23,0
2055,20250225,3,Surveillance,39,0
2056,20230724,4,Rescue,19,1
2057,20250621,4,Combat,23,1
2058,20220318,3,Combat,21,1
2059,20241212,4,Surveillance,13,1
2060,20231010,3,Combat,56,0
2061,20210929,4,Rescue,17,1
2062,20220304,3,Rescue,23,1
2063,20230111,3,Combat,55,1
2064,20210320,3,Combat,25,1
2065,20231209,4,Rescue,15,0
2066,20250630,3,Combat,28,1
2067,20240713,4,Rescue,18,1
2068,20250825,4,Combat,41,0
2069,20230817,3,Surveillance,45,1
2070,20210521,3,Rescue,6,1
2071,20250217,3,Rescue,39,1
2072,20250125,4,Rescue,17,0
2073,20250420,4,Surveillance,37,1
2074,20251011,3,Combat,47,1
2075,20210511,4,Rescue,26,1
2076,20250313,3,Rescue,11,1
2077,20221206,3,Combat,57,0
2078,20250712,3,Combat,36,1
2079,20220414,4,Surveillance,26,1
2080,20230728,3,Surveillance,58,1
2081,20241030,4,Surveillance,20,0
2082,20210216,4,Rescue,12,0
2083,20210627,3,Rescue,59,1
2084,20231201,3,Surveillance,10,1
2085,20250607,4,Surveillance,51,1
2086,20230605,3,Rescue,48,1
2087,20210226,4,Rescue,51,1
2088,20250705,4,Rescue,32,1
2089,20220718,3,Rescue,50,1
2090,20210301,4,Surveillance,38,1
2091,20250116,4,Surveillance,48,0
2092,20220516,4,Surveillance,51,0
2093,20221114,3,Surveillance,45,1
2094,20230624,3,Rescue,14,1
2095,20250107,3,Rescue,46,1
2096,20220201,3,Rescue,24,1
2097,20240114,4,Rescue,7,0
2098,20231220,4,Rescue,45,1
2099,20241105,4,Surveillance,40,1
2100,20250522,4,Combat,54,1
2101,20230504,4,Rescue,48,1
2102,20251230,3,Rescue,55,1
2103,20220808,3,Rescue,10,1
2104,20220413,3,Combat,27,1
2105,20230924,4,Surveillance,26,0
2106,20240801,4,Rescue,11,1
2107,20220920,4,Rescue,7,1
2108,20210206,3,Rescue,12,1
2109,20250828,3,Combat,9,1
2110,20230707,4,Combat,41,0
2111,20230711,4,Surveillance,49,1
2112,20210507,4,Surveillance,9,1
2113,20251224,4,Surveillance,30,1
2114,20240608,3,Rescue,11,1
2115,20251026,3,Surveillance,53,0
2116,20250101,3,Surveillance,19,1
2117,20240326,4,Surveillance,48,0
2118,20220206,4,Surveillance,52,1
2119,20211221,3,Surveillance,9,1
2120,20250718,3,Surveillance,35,1
2121,20250302,3,Combat,27,0
2122,20221012,4,Combat,47,1
2123,20211021,3,Surveillance,48,1
2124,20230126,4,Combat,9,0
2125,20210628,3,Rescue,51,1
2126,20250330,3,Surveillance,24,1
2127,20240511,3,Rescue,38,1
2128,20210906,3,Combat,7,0
2129,20240427,4,Surveillance,17,1
2130,20230427,4,Surveillance,58,1
2131,20220216,4,Surveillance,58,0
2132,20230127,3,Surveillance,21,1
2133,20250828,4,Combat,10,1
2134,20231013,3,Combat,31,1
2135,20250610,3,Combat,13,1
2136,20220201,4,Combat,8,1
2137,20230307,4,Surveillance,8,1
2138,20251212,4,Rescue,11,1
2139,20230421,4,Rescue,57,1
2140,20250122,4,Rescue,8,0
2141,20240302,3,Rescue,7,1
2142,20231225,4,Combat,54,1
2143,20230108,3,Surveillance,59,1
2144,20210926,3,Rescue,50,1
2145,20220407,4,Surveillance,15,0
2146,20221024,3,Surveillance,47,1
2147,20210727,4,Rescue,19,1
2148,20210808,4,Surveillance,59,0
2149,20251108,4,Surveillance,54,1
2150,20220805,3,Rescue,16,1
2151,20230227,3,Surveillance,24,0
2152,20220801,4,Rescue,54,1
2153,20240327,4,Surveillance,57,0
2154,20220606,3,Combat,23,0
2155,20230316,3,Combat,28,0
2156,20220729,3,Rescue,6,1
2157,20220228,3,Combat,21,0
2158,20210529,4,Surveillance,10,1
2159,20220304,3,Rescue,8,1
2160,20221125,4,Combat,12,1
2161,20251123,3,Surveillance,35,0
2162,20250501,4,Rescue,56,1
2163,20240331,3,Rescue,22,0
2164,20220610,4,Rescue,21,1
2165,20230428,4,Surveillance,33,1
2166,20250118,3,Rescue,48,1
2167,20210514,3,Rescue,26,1
2168,20240303,4,Surveillance,50,1
2169,20221123,3,Combat,22,1
2170,20241113,3,Rescue,42,1
2171,20250615,4,Combat,38,1
2172,20250326,4,Surveillance,23,1
2173,20250929,3,Rescue,11,1
2174,20250629,3,Rescue,43,0
2175,20230123,4,Combat,8,1
2176,20210403,4,Combat,23,1
2177,20210103,3,Surveillance,43,1
2178,20220310,3,Surveillance,25,1
2179,20250120,3,Rescue,34,1
2180,20220313,3,Combat,40,1
2181,20250510,4,Combat,28,1
2182,20220124,4,Combat,29,0
2183,20250409,4,Rescue,55,1
2184,20220913,4,Rescue,19,0
2185,20230714,3,Surveillance,7,1
2186,20210116,3,Combat,39,1
2187,20240627,4,Combat,26,1
2188,20210627,3,Combat,8,1
2189,20211109,4,Combat,26,1
2190,20250105,3,Combat,12,1
2191,20240731,4,Surveillance,31,0
2192,20230126,4,Rescue,52,1
2193,20220530,3,Rescue,52,1
2194,20240325,4,Rescue,49,0
2195,20231213,4,Combat,7,0
2196,20210831,4,Rescue,27,1
2197,20240707,3,Surveillance,22,1
2198,20240816,4,Rescue,31,1
2199,20210927,3,Surveillance,25,1
2200,20210209,4,Surveillance,17,1
2201,20251227,4,Surveillance,33,1
2202,20250525,3,Combat,55,1
2203,20240710,4,Combat,5,1
2204,20210517,4,Surveillance,48,1
2205,20220629,3,Combat,18,1
2206,20210917,4,Combat,23,0
2207,20220104,4,Surveillance,48,1
2208,20241010,4,Rescue,29,0
2209,20250508,3,Surveillance,8,1
2210,20230709,3,Combat,17,0
2211,20220614,4,Surveillance,36,1
2212,20220602,3,Surveillance,47,1
2213,20220203,3,Surveillance,55,1
2214,20240214,4,Surveillance,59,1
2215,20240724,4,Rescue,24,1
2216,20210114,4,Rescue,30,1
2217,20240209,3,Combat,11,1
2218,20240508,4,Combat,55,1
2219,20240521,3,Combat,35,1
2220,20211012,3,Combat,15,1
2221,20250326,4,Rescue,22,0
2222,20230224,4,Combat,39,0
2223,20250921,3,Combat,40,1
2224,20250916,4,Combat,51,0
2225,20240126,3,Rescue,6,1
2226,20251105,4,Rescue,47,1
2227,20230713,3,Surveillance,39,1
2228,20230304,4,Surveillance,53,0
2229,20230823,3,Rescue,38,1
2230,20241018,3,Rescue,6,1
2231,20210219,3,Combat,54,0
2232,20210721,4,Surveillance,6,1
2233,20250625,4,Combat,53,1
2234,20220111,3,Rescue,51,1
2235,20220923,4,Surveillance,46,1
2236,20220411,4,Combat,35,1
2237,20250108,4,Surveillance,52,1
2238,20221105,3,Surveillance,51,1
2239,20220312,4,Combat,36,1
2240,20230122,4,Rescue,46,1
2241,20250210,3,Surveillance,40,0
2242,20241128,3,Surveillance,20,0
2243,20220812,4,Surveillance,32,1
2244,20241216,4,Rescue,11,1
2245,20221130,3,Rescue,18,1
2246,20210103,3,Rescue,29,1
2247,20220401,4,Surveillance,57,1
2248,20240104,3,Rescue,31,1
2249,20220912,3,Combat,43,1
2250,20210124,4,Rescue,17,0
2251,20241101,3,Combat,25,1
2252,20251106,3,Rescue,9,1
2253,20230130,4,Surveillance,23,0
2254,20241215,4,Combat,13,1
2255,20240526,3,Rescue,57,0
2256,20220724,3,Combat,45,0
2257,20240223,3,Surveillance,54,0
2258,20250414,3,Combat,42,1
2259,20251209,4,Surveillance,16,0
2260,20230412,4,Combat,33,1
2261,20230327,3,Combat,9,0
2262,20250522,4,Rescue,49,1
2263,20241122,4,Surveillance,37,1
2264,20250317,4,Rescue,52,1
2265,20231223,4,Combat,59,1
2266,20240704,4,Combat,30,0
2267,20241008,4,Surveillance,7,1
2268,20250202,3,Surveillance,28,1
2269,20210610,4,Combat,49,1
2270,20251020,4,Rescue,20,1
2271,20240225,3,Rescue,13,1
2272,20221210,4,Combat,5,1
2273,20251031,4,Surveillance,47,1
2274,20250814,3,Surveillance,10,1
2275,20211008,3,Surveillance,18,1
2276,20230518,3,Surveillance,36,1
2277,20240717,4,Surveillance,47,1
2278,20231120,3,Rescue,21,1
2279,20220614,3,Rescue,32,1
2280,20240205,4,Surveillance,8,1
2281,20220303,3,Surveillance,26,1
2282,20251029,4,Combat,36,1
2283,20241011,4,Rescue,8,1
2284,20250803,4,Rescue,5,0
2285,20230515,4,Combat,58,1
2286,20230714,3,Surveillance,37,1
2287,20230930,3,Surveillance,15,1
2288,20210306,3,Rescue,56,0
2289,20230927,3,Combat,25,1
2290,20250304,4,Combat,43,1
2291,20220106,3,Surveillance,10,1
2292,20231127,3,Rescue,15,1
2293,20240824,4,Combat,50,1
2294,20250721,3,Surveillance,31,1
2295,20240611,4,Rescue,16,0
2296,20210430,3,Rescue,26,1
2297,20230628,4,Rescue,21,1
2298,20211007,4,Combat,29,1
2299,20220627,3,Combat,45,1
2300,20240109,3,Combat,51,1
2301,20211216,3,Rescue,27,1
2302,20230223,3,Rescue,22,1
2303,20220302,4,Surveillance,52,1
2304,20230828,3,Rescue,51,1
2305,20241206,3,Rescue,43,1
2306,20241217,4,Rescue,39,1
2307,20231020,3,Combat,59,1
2308,20240612,3,Surveillance,16,0
2309,20210504,3,Combat,29,1
2310,20240229,3,Surveillance,17,1
2311,20220912,4,Rescue,49,1
2312,20221014,4,Rescue,16,0
2313,20250802,3,Rescue,42,1
2314,20250304,3,Surveillance,19,1
2315,20231115,4,Surveillance,59,1
2316,20250429,3,Rescue,6,1
2317,20220605,4,Combat,25,0
2318,20210420,3,Surveillance,9,1
2319,20210822,4,Surveillance,22,1
2320,20241006,4,Surveillance,23,0
2321,20210809,4,Combat,21,1
2322,20220408,3,Combat,56,1
2323,20251130,4,Rescue,20,1
2324,20240326,3,Surveillance,46,1
2325,20250922,3,Rescue,9,1
2326,20251018,4,Combat,48,1
2327,20251114,4,Combat,11,1
2328,20210313,3,Surveillance,21,1
2329,20211207,3,Rescue,56,1
2330,20241118,4,Combat,59,1
2331,20231105,3,Surveillance,58,1
2332,20210421,3,Surveillance,11,0
2333,20240515,3,Surveillance,9,1
2334,20251115,3,Surveillance,38,1
2335,20250324,4,Surveillance,54,1
2336,20240531,3,Surveillance,40,1
2337,20240222,4,Rescue,45,1
2338,20210721,3,Surveillance,42,0
2339,20250404,4,Surveillance,41,1
2340,20250220,3,Surveillance,27,0
2341,20251225,4,Combat,23,1
2342,20210611,4,Surveillance,14,1
2343,20210203,3,Surveillance,42,0
2344,20211202,3,Surveillance,40,1
2345,20240107,3,Surveillance,41,0
2346,20210902,4,Combat,9,1
2347,20220419,3,Rescue,49,0
2348,20250126,4,Rescue,17,0
2349,20250713,3,Surveillance,26,1
2350,20220109,3,Combat,26,1
2351,20220902,3,Surveillance,7,1
2352,20241117,3,Surveillance,50,1
2353,20231227,3,Rescue,11,0
2354,20221226,4,Rescue,40,1
2355,20220427,3,Rescue,56,1
2356,20220610,3,Surveillance,16,1
2357,20251216,3,Combat,19,1
2358,20220905,3,Rescue,31,1
2359,20220325,4,Combat,5,1
2360,20241001,4,Combat,49,1
2361,20250723,3,Combat,36,0
2362,20210202,3,Rescue,39,0
2363,20230602,4,Surveillance,45,1
2364,20210311,4,Combat,43,1
2365,20210312,4,Rescue,9,1
2366,20221121,4,Combat,13,0
2367,20250831,3,Rescue,27,1
2368,20221203,3,Rescue,48,1
2369,20210430,4,Rescue,23,1
2370,20230116,4,Combat,37,1
2371,20241128,3,Rescue,6,1
2372,20210113,3,Rescue,30,1
2373,20210707,3,Surveillance,31,1
2374,20230107,4,Rescue,49,1
2375,20220608,4,Rescue,29,1
2376,20220701,4,Combat,19,1
2377,20250727,3,Combat,53,1
2378,20240714,4,Combat,20,0
2379,20250313,4,Combat,6,1
2380,20220721,4,Rescue,57,1
2381,20230928,3,Surveillance,29,1
2382,20240718,4,Surveillance,54,1
2383,20231114,4,Rescue,9,1
2384,20230504,3,Surveillance,46,1
2385,20240923,4,Combat,34,1
2386,20241113,3,Rescue,9,1
2387,20231217,4,Rescue,7,1
2388,20220609,3,Surveillance,36,1
2389,20220531,4,Surveillance,38,0
2390,20220629,3,Combat,23,1
2391,20240204,3,Surveillance,22,1
2392,20240306,4,Rescue,8,1
2393,20241226,3,Combat,51,0
2394,20220524,4,Surveillance,58,1
2395,20250927,3,Surveillance,45,1
2396,20230819,3,Surveillance,41,1
2397,20220512,3,Rescue,36,1
2398,20210808,3,Combat,8,1
2399,20231106,3,Rescue,36,1
2400,20210720,3,Rescue,7,1
2401,20230604,3,Surveillance,20,0
2402,20250219,4,Combat,40,1
2403,20250114,4,Surveillance,33,1
2404,20230923,4,Combat,57,1
2405,20220722,3,Rescue,59,1
2406,20210211,3,Surveillance,12,1
2407,20231002,4,Combat,30,1
2408,20221130,4,Combat,9,1
2409,20240611,4,Combat,43,1
2410,20230313,3,Surveillance,57,1
2411,20230120,4,Rescue,25,1
2412,20241021,4,Surveillance,46,0
2413,20240923,3,Rescue,13,0
2414,20240911,4,Rescue,10,1
2415,20240510,3,Surveillance,21,1
2416,20210609,4,Combat,5,1
2417,20211230,4,Surveillance,40,1
2418,20211201,3,Combat,25,1
2419,20210215,3,Surveillance,5,1
2420,20240920,4,Combat,35,1
2421,20230921,3,Combat,12,1
2422,20210201,4,Combat,43,1
2423,20210901,3,Combat,39,1
2424,20240906,4,Rescue,9,0
2425,20230928,4,Combat,53,1
2426,20230124,4,Surveillance,9,1
2427,20240420,4,Rescue,46,1
2428,20220523,3,Rescue,6,1
2429,20231210,4,Rescue,19,1
2430,20251213,3,Surveillance,54,1
2431,20230210,4,Combat,30,1
2432,20210709,3,Surveillance,14,1
2433,20210714,4,Surveillance,19,1
2434,20221024,3,Rescue,8,1
2435,20210427,3,Combat,15,1
2436,20240802,3,Surveillance,29,1
2437,20250617,4,Surveillance,46,1
2438,20211130,3,Combat,25,0
2439,20220303,4,Combat,47,1
2440,20210830,3,Rescue,29,1
2441,20241015,4,Combat,40,1
2442,20240222,4,Combat,21,1
2443,20210413,4,Surveillance,37,1
2444,20210513,4,Combat,53,0
2445,20241104,3,Rescue,51,0
2446,20250820,4,Combat,38,1
2447,20240531,3,Rescue,18,1
2448,20231217,3,Combat,44,1
2449,20210316,3,Combat,37,1
2450,20250203,3,Surveillance,53,1
2451,20210415,3,Rescue,13,1
2452,20210614,4,Rescue,52,1
2453,20231016,3,Combat,51,1
2454,20220421,3,Surveillance,48,1
2455,20211204,3,Combat,43,1
2456,20241210,3,Surveillance,48,1
2457,20211108,4,Surveillance,42,1
2458,20250829,4,Combat,18,1
2459,20220309,3,Surveillance,39,1
2460,20221114,4,Rescue,20,1
2461,20220602,4,Surveillance,40,0
2462,20211221,3,Rescue,58,1
2463,20250402,3,Rescue,52,1
2464,20231007,3,Rescue,20,1
2465,20250602,4,Surveillance,42,1
2466,20240803,3,Surveillance,10,1
2467,20210328,4,Combat,47,1
2468,20210425,3,Rescue,14,1
2469,20230724,3,Surveillance,33,1
2470,20240401,3,Rescue,51,0
2471,20250923,3,Combat,41,1
2472,20240503,3,Combat,13,1
2473,20240106,4,Rescue,28,1
2474,20220405,3,Rescue,48,1
2475,20230216,3,Surveillance,17,1
2476,20210810,3,Surveillance,13,1
2477,20210416,4,Surveillance,53,1
2478,20250531,3,Rescue,44,1
2479,20210408,4,Combat,27,1
2480,20220404,3,Combat,12,1
2481,20220520,4,Surveillance,56,1
2482,20251101,4,Surveillance,44,1
2483,20251209,3,Combat,38,1
2484,20250530,4,Rescue,14,1
2485,20210509,3,Surveillance,56,1
2486,20211023,4,Surveillance,16,0
2487,20221117,4,Surveillance,46,1
2488,20250114,4,Rescue,50,1
2489,20221208,3,Rescue,14,0
2490,20220810,4,Surveillance,16,1
2491,20241112,3,Surveillance,9,1
2492,20210816,3,Combat,50,0
2493,20240812,4,Rescue,40,1
2494,20241105,3,Surveillance,9,1
2495,20240522,4,Combat,36,1
2496,20220211,3,Combat,28,1
2497,20251117,3,Rescue,22,1
2498,20251226,4,Rescue,21,1
2499,20221201,4,Combat,14,1
2500,20220914,4,Combat,5,0
2501,20230817,4,Surveillance,46,1
2502,20231114,3,Surveillance,33,0
2503,20251102,4,Surveillance,44,1
2504,20210416,4,Combat,41,1
2505,20250511,3,Combat,33,1
2506,20230806,4,Surveillance,10,1
2507,20220525,3,Surveillance,7,1
2508,20240121,4,Surveillance,37,1
2509,20220703,3,Combat,10,0
2510,20220408,3,Combat,48,0
2511,20251223,4,Surveillance,52,1
2512,20231113,4,Surveillance,6,1
2513,20211204,4,Surveillance,34,1
2514,20240529,4,Combat,12,1
2515,20210617,4,Rescue,23,1
2516,20220307,4,Rescue,38,1
2517,20230130,4,Rescue,52,1
2518,20240606,3,Rescue,26,1
2519,20221230,4,Combat,42,1
2520,20240529,3,Surveillance,55,0
2521,20230123,3,Surveillance,41,1
2522,20210915,3,Combat,15,1
2523,20210925,3,Combat,51,1
2524,20251016,3,Rescue,8,0
2525,20211219,4,Surveillance,19,1
2526,20250303,4,Rescue,19,0
2527,20250102,4,Combat,13,0
2528,20210410,3,Surveillance,53,1
2529,20221023,3,Surveillance,48,1
2530,20210912,4,Rescue,10,1
2531,20210913,4,Surveillance,16,0
2532,20230916,3,Rescue,36,1
2533,20211107,3,Combat,50,0
2534,20230728,4,Rescue,9,1
2535,20250513,3,Rescue,39,1
2536,20240103,3,Combat,45,1
2537,20241121,4,Rescue,33,0
2538,20250218,4,Rescue,10,0
2539,20210927,3,Surveillance,59,1
2540,20230520,4,Combat,42,1
2541,20211128,4,Rescue,44,1
2542,20221223,3,Surveillance,47,1
2543,20220106,4,Combat,16,1
2544,20230409,4,Rescue,59,1
2545,20221205,3,Surveillance,35,1
2546,20220901,4,Combat,6,1
2547,20220315,4,Combat,53,0
2548,20220915,3,Rescue,39,0
2549,20240219,3,Combat,5,1
2550,20210307,3,Combat,58,0
2551,20250905,4,Combat,27,1
2552,20221008,4,Surveillance,42,1
2553,20210515,4,Surveillance,26,1
2554,20210608,3,Surveillance,18,0
2555,20230127,3,Rescue,49,1
2556,20211030,3,Combat,24,1
2557,20230508,4,Rescue,23,1
2558,20230706,3,Combat,20,1
2559,20250813,4,Surveillance,57,1
2560,20220101,3,Combat,36,0
2561,20231217,4,Surveillance,6,1
2562,20210506,3,Rescue,46,1
2563,20210304,3,Combat,30,1
2564,20220130,4,Combat,33,1
2565,20241202,3,Surveillance,43,1
2566,20231125,3,Surveillance,52,1
2567,20210513,4,Combat,40,1
2568,20250827,4,Rescue,11,1
2569,20251130,4,Rescue,39,1
2570,20231008,3,Rescue,53,0
2571,20251124,3,Rescue,15,1
2572,20220415,4,Combat,36,0
2573,20241218,4,Surveillance,8,1
2574,20230616,3,Surveillance,16,1
2575,20230924,3,Rescue,36,1
2576,20240314,3,Surveillance,50,1
2577,20210131,3,Combat,30,1
2578,20220813,4,Surveillance,15,1
2579,20230320,4,Rescue,12,1
2580,20210121,4,Rescue,24,1
2581,20230303,4,Surveillance,46,0
2582,20210728,3,Rescue,21,1
2583,20230804,3,Rescue,33,1
2584,20231128,4,Combat,14,1
2585,20221218,3,Surveillance,27,1
2586,20220418,4,Combat,46,1
2587,20220127,3,Rescue,16,1
2588,20220401,3,Combat,11,1
2589,20210324,3,Rescue,26,1
2590,20230829,3,Combat,28,1
2591,20240307,4,Surveillance,34,1
2592,20231125,4,Rescue,39,1
2593,20240502,3,Rescue,19,1
2594,20230905,4,Rescue,40,0
2595,20231226,3,Rescue,6,1
2596,20220425,3,Rescue,44,1
2597,20240711,4,Surveillance,16,1
2598,20210912,4,Surveillance,10,0
2599,20230322,3,Surveillance,16,1
2600,20230328,4,Surveillance,45,0
2601,20220729,4,Rescue,15,1
2602,20220103,3,Rescue,55,0
2603,20220206,4,Combat,34,1
2604,20240708,3,Combat,48,1
2605,20210902,3,Rescue,15,1
2606,20230320,4,Surveillance,14,0
2607,20220918,4,Combat,19,1
2608,20221001,4,Combat,10,0
2609,20241108,4,Surveillance,31,1
2610,20220321,3,Rescue,38,1
2611,20230322,4,Combat,41,1
2612,20211112,4,Surveillance,6,1
2613,20220731,4,Rescue,49,0
2614,20220823,3,Combat,37,1
2615,20241006,4,Surveillance,31,0
2616,20220325,4,Combat,36,0
2617,20250623,3,Surveillance,27,0
2618,20221112,3,Combat,21,0
2619,20210213,3,Rescue,35,1
2620,20220319,4,Combat,59,1
2621,20240128,3,Rescue,9,1
2622,20220107,4,Combat,56,1
2623,20240222,4,Rescue,51,1
2624,20210831,4,Surveillance,45,1
2625,20221210,4,Rescue,33,0
2626,20251207,3,Combat,34,1
2627,20210928,4,Combat,7,1
2628,20241209,3,Rescue,50,1
2629,20230926,4,Rescue,57,1
2630,20240822,3,Combat,48,1
2631,20220513,4,Rescue,24,1
2632,20251128,4,Rescue,24,1
2633,20241011,3,Rescue,29,0
2634,20220725,4,Combat,25,1
2635,20240901,4,Combat,18,0
2636,20210909,4,Surveillance,39,1
2637,20230427,3,Surveillance,33,1
2638,20210620,3,Surveillance,5,0
2639,20250311,3,Combat,29,1
2640,20221216,4,Rescue,34,1
2641,20231121,3,Rescue,21,1
2642,20220608,4,Combat,47,0
2643,20230528,4,Rescue,10,1
2644,20220612,3,Surveillance,51,1
2645,20231117,3,Surveillance,32,1
2646,20221212,3,Surveillance,27,0
2647,20250201,4,Surveillance,38,0
2648,20230727,4,Surveillance,13,1
2649,20250612,3,Surveillance,12,1
2650,20250823,4,Surveillance,46,1
2651,20210910,4,Combat,50,1
2652,20210621,3,Rescue,24,1
2653,20250126,3,Surveillance,59,1
2654,20220620,4,Combat,13,1
2655,20241103,3,Rescue,47,1
2656,20220207,3,Combat,9,0
2657,20220605,3,Combat,35,1
2658,20220721,3,Combat,7,1
2659,20250803,4,Surveillance,42,1
2660,20241210,4,Combat,5,1
2661,20251204,4,Surveillance,43,1
2662,20250531,3,Combat,16,0
2663,20210621,3,Rescue,47,1
2664,20251201,4,Rescue,52,0
2665,20251119,4,Surveillance,17,1
2666,20241022,3,Rescue,12,1
2667,20210914,4,Surveillance,43,1
2668,20210506,4,Rescue,36,1
2669,20220916,3,Rescue,25,1
2670,20210729,4,Rescue,55,1
2671,20230626,3,Rescue,58,1
2672,20220831,3,Surveillance,11,1
2673,20250104,3,Combat,51,0
2674,20210621,4,Combat,43,1
2675,20221221,4,Rescue,18,1
2676,20250122,3,Combat,34,1
2677,20240520,3,Combat,16,1
2678,20250607,3,Combat,56,1
2679,20230105,4,Surveillance,6,1
2680,20210523,3,Rescue,32,1
2681,20220429,4,Surveillance,16,1
2682,20221014,4,Rescue,15,1
2683,20220612,4,Rescue,59,1
2684,20230607,4,Rescue,23,1
2685,20240801,3,Surveillance,52,1
2686,20230711,3,Rescue,33,1
2687,20230905,4,Surveillance,54,0
2688,20240228,3,Surveillance,29,0
2689,20220131,3,Rescue,17,1
2690,20251021,3,Surveillance,26,1
2691,20220423,3,Rescue,32,1
2692,20240926,3,Combat,13,0
2693,20231216,4,Combat,9,0
2694,20210103,3,Rescue,28,1
2695,20210629,4,Rescue,34,1
2696,20211111,4,Combat,37,1
2697,20211023,4,Rescue,9,1
2698,20240128,3,Combat,58,0
2699,20220915,4,Surveillance,54,1
2700,20221226,3,Combat,32,1
2701,20241115,3,Combat,32,1
2702,20250224,4,Rescue,44,1
2703,20240528,4,Rescue,20,1
2704,20210710,3,Rescue,7,1
2705,20250409,4,Combat,59,1
2706,20221230,4,Surveillance,51,1
2707,20230930,3,Rescue,51,1
2708,20230531,3,Rescue,47,0
2709,20220408,4,Rescue,54,1
2710,20241011,4,Surveillance,52,0
2711,20210310,3,Surveillance,14,1
2712,20220706,4,Rescue,9,1
2713,20210803,4,Rescue,19,1
2714,20210306,4,Combat,57,0
2715,20241205,4,Rescue,36,1
2716,20250713,3,Surveillance,16,1
2717,20240909,3,Combat,21,1
2718,20220812,3,Surveillance,34,1
2719,20231230,4,Surveillance,55,1
2720,20210714,4,Rescue,14,1
2721,20210916,3,Combat,12,1
2722,20210315,4,Combat,47,0
2723,20250202,3,Surveillance,12,0
2724,20240701,3,Surveillance,25,1
2725,20230215,4,Surveillance,15,1
2726,20250423,3,Rescue,44,1
2727,20211122,3,Surveillance,54,0
2728,20240503,3,Rescue,32,1
2729,20211019,3,Surveillance,41,1
2730,20240327,4,Surveillance,35,1
2731,20240120,3,Rescue,28,1
2732,20210506,4,Combat,55,1
2733,20220802,4,Surveillance,45,0
2734,20240307,4,Rescue,11,0
2735,20220117,3,Surveillance,41,1
2736,20250808,4,Surveillance,57,1
2737,20251102,3,Rescue,56,1
2738,20240603,3,Rescue,17,0
2739,20220410,4,Combat,8,1
2740,20220816,4,Combat,11,1
2741,20220806,4,Rescue,24,0
2742,20210902,4,Combat,20,0
2743,20240311,3,Surveillance,19,1
2744,20240409,3,Combat,53,1
2745,20220802,3,Surveillance,32,1
2746,20231105,4,Surveillance,57,1
2747,20210206,3,Combat,9,1
2748,20240429,4,Rescue,57,0
2749,20250918,4,Combat,29,1
2750,20240412,4,Rescue,15,1
2751,20230909,3,Surveillance,20,1
2752,20211024,3,Rescue,13,1
2753,20210317,3,Combat,46,1
2754,20221230,3,Combat,6,0
2755,20230219,4,Rescue,38,0
2756,20250615,3,Rescue,13,1
2757,20240728,4,Rescue,31,0
2758,20230409,3,Rescue,13,1
2759,20231024,3,Rescue,51,1
2760,20240206,4,Rescue,45,1
2761,20210418,3,Rescue,12,1
2762,20241128,3,Combat,14,1
2763,20240521,4,Surveillance,19,1
2764,20251128,3,Rescue,15,0
2765,20210611,3,Surveillance,54,1
2766,20230307,4,Rescue,50,1
2767,20240502,4,Combat,46,1
2768,20230515,4,Combat,44,1
2769,20231011,4,Surveillance,16,0
2770,20220423,3,Surveillance,25,0
2771,20250115,3,Combat,16,1
2772,20231115,3,Combat,24,1
2773,20250411,4,Rescue,27,1
2774,20231009,4,Combat,38,1
2775,20250416,3,Surveillance,37,1
2776,20210222,3,Combat,56,1
2777,20240314,4,Surveillance,43,1
2778,20231126,3,Surveillance,47,0
2779,20230812,3,Surveillance,7,1
2780,20210801,3,Rescue,7,1
2781,20220907,3,Surveillance,40,1
2782,20220319,4,Rescue,53,0
2783,20250220,3,Rescue,46,1
2784,20231028,3,Combat,51,1
2785,20210825,4,Rescue,54,1
2786,20250226,3,Combat,26,1
2787,20240725,4,Surveillance,25,0
2788,20240104,4,Rescue,12,1
2789,20210907,3,Combat,46,1
2790,20230807,4,Rescue,11,1
2791,20241022,3,Combat,35,1
2792,20210402,3,Surveillance,44,0
2793,20250511,4,Rescue,41,0
2794,20210928,4,Surveillance,36,1
2795,20230831,4,Surveillance,10,1
2796,20240217,4,Rescue,59,1
2797,20230116,3,Surveillance,13,1
2798,20220714,4,Surveillance,14,0
2799,20230702,3,Rescue,15,1
2800,20220626,3,Rescue,27,1
2801,20230310,3,Rescue,41,0
2802,20250221,3,Surveillance,10,1
2803,20250606,4,Surveillance,45,0
2804,20231101,4,Combat,6,1
2805,20250731,4,Surveillance,21,1
2806,20240531,4,Rescue,19,1
2807,20230820,3,Combat,51,1
2808,20211008,4,Combat,30,1
2809,20240429,3,Rescue,26,1
2810,20211108,4,Surveillance,44,0
2811,20211206,3,Combat,53,1
2812,20210722,3,Surveillance,7,0
2813,20240312,4,Rescue,48,1
2814,20230313,4,Combat,21,1
2815,20250607,3,Combat,51,1
2816,20220313,4,Surveillance,6,1
2817,20241217,3,Rescue,14,0
2818,20231208,4,Surveillance,36,1
2819,20251216,4,Combat,25,1
2820,20230630,4,Combat,37,1
2821,20250223,4,Combat,17,0
2822,20210705,4,Combat,30,1
2823,20240306,3,Rescue,51,1
2824,20210226,3,Surveillance,57,1
2825,20240730,4,Surveillance,30,1
2826,20230712,4,Rescue,20,1
2827,20210624,4,Combat,58,0
2828,20230203,3,Rescue,39,0
2829,20220531,3,Combat,34,1
2830,20210209,3,Rescue,37,1
2831,20220922,4,Rescue,54,0
2832,20251216,3,Combat,59,1
2833,20210816,3,Rescue,48,1
2834,20221106,3,Rescue,6,1
2835,20210903,3,Combat,11,1
2836,20250928,4,Rescue,53,1
2837,20220802,3,Combat,20,1
2838,20250214,4,Combat,38,0
2839,20230807,4,Rescue,19,1
2840,20250211,4,Rescue,17,1
2841,20210916,3,Rescue,21,1
2842,20230419,3,Surveillance,49,1
2843,20210307,3,Combat,12,1
2844,20220831,4,Rescue,21,0
2845,20210119,3,Rescue,37,1
2846,20230109,3,Rescue,19,1
2847,20230819,3,Combat,44,1
2848,20221130,3,Combat,27,1
2849,20220919,4,Surveillance,27,1
2850,20241010,3,Combat,17,1
2851,20230405,3,Rescue,27,1
2852,20251007,4,Combat,28,1
2853,20250608,4,Rescue,14,0
2854,20250517,3,Combat,21,1
2855,20210513,3,Combat,23,1
2856,20230429,4,Rescue,9,0
2857,20240711,4,Surveillance,8,1
2858,20250616,4,Rescue,19,1
2859,20230922,4,Surveillance,25,1
2860,20250303,3,Surveillance,58,1
2861,20230618,4,Rescue,48,1
2862,20240521,3,Combat,12,1
2863,20250407,4,Combat,15,0
2864,20220930,4,Combat,31,1
2865,20231023,3,Combat,14,1
2866,20250302,3,Combat,24,1
2867,20240112,3,Combat,28,1
2868,20231028,3,Rescue,18,1
2869,20221206,4,Combat,43,0
2870,20221230,3,Surveillance,55,1
2871,20250805,4,Combat,41,1
2872,20250617,4,Rescue,32,1
2873,20250222,4,Surveillance,38,1
2874,20230624,3,Rescue,57,1
2875,20230815,4,Surveillance,54,1
2876,20250703,4,Surveillance,37,1
2877,20240918,4,Combat,9,0
2878,20240603,4,Rescue,9,0
2879,20251014,4,Combat,39,1
2880,20210326,4,Surveillance,33,0
2881,20241119,3,Surveillance,56,1
2882,20230315,4,Surveillance,37,1
2883,20240825,4,Combat,14,1
2884,20220110,4,Surveillance,6,1
2885,20220223,4,Combat,51,1
2886,20241024,3,Surveillance,31,0
2887,20211110,3,Surveillance,52,1
2888,20220806,4,Rescue,49,1
2889,20230903,3,Combat,18,1
2890,20211107,3,Surveillance,7,1
2891,20220215,4,Rescue,51,1
2892,20240530,4,Surveillance,29,1
2893,20250919,4,Rescue,44,0
2894,20230514,4,Rescue,23,1
2895,20210512,4,Surveillance,8,1
2896,20251124,4,Combat,16,1
2897,20220110,4,Combat,8,1
2898,20240327,4,Surveillance,36,1
2899,20230822,3,Combat,5,1
2900,20240829,4,Combat,29,1
2901,20250424,3,Combat,54,0
2902,20250216,4,Surveillance,6,1
2903,20210414,4,Rescue,17,1
2904,20240328,3,Surveillance,38,0
2905,20210413,3,Combat,12,1
2906,20230806,3,Rescue,41,1
2907,20240913,4,Surveillance,11,1
2908,20231123,4,Surveillance,32,1
2909,20230624,4,Rescue,45,1
2910,20210629,3,Surveillance,20,1
2911,20250630,3,Rescue,36,1
2912,20230228,3,Combat,41,1
2913,20220202,3,Rescue,9,1
2914,20230918,3,Surveillance,21,1
2915,20220506,4,Rescue,56,0
2916,20251018,4,Combat,45,0
2917,20241110,3,Rescue,55,1
2918,20250611,3,Surveillance,12,1
2919,20230317,4,Rescue,16,1
2920,20210408,4,Rescue,44,1
2921,20241110,4,Rescue,23,1
2922,20220404,3,Combat,58,1
2923,20251213,3,Rescue,20,1
2924,20231218,4,Combat,21,1
2925,20220919,4,Rescue,47,1
2926,20220919,4,Combat,17,1
2927,20230626,3,Surveillance,50,1
2928,20220122,3,Combat,43,1
2929,20241011,3,Surveillance,22,0
2930,20210118,3,Combat,14,0
2931,20211226,3,Surveillance,57,1
2932,20241019,3,Rescue,57,1
2933,20250611,3,Rescue,59,1
2934,20230404,4,Surveillance,32,1
2935,20210328,4,Surveillance,56,1
2936,20250615,4,Surveillance,47,0
2937,20210916,4,Rescue,52,1
2938,20251014,4,Rescue,22,1
2939,20211019,3,Surveillance,38,1
2940,20250910,4,Combat,17,0
2941,20230314,4,Combat,24,1
2942,20220101,3,Surveillance,47,1
2943,20250805,4,Rescue,36,1
2944,20251121,3,Surveillance,39,1
2945,20250514,3,Surveillance,40,0
2946,20210804,4,Rescue,46,1
2947,20241125,3,Rescue,53,1
2948,20230610,3,Rescue,19,1
2949,20230420,4,Surveillance,58,1
2950,20210525,4,Combat,12,1
2951,20230320,3,Rescue,17,1
2952,20250101,4,Surveillance,50,1
2953,20220716,3,Combat,36,1
2954,20250131,3,Surveillance,34,0
2955,20251126,4,Combat,35,1
2956,20240728,4,Rescue,29,0
2957,20230109,3,Surveillance,5,1
2958,20250214,4,Combat,28,1
2959,20250127,4,Surveillance,19,1
2960,20210404,4,Rescue,45,1
2961,20241025,4,Surveillance,30,1
2962,20231220,4,Combat,19,1
2963,20230222,4,Surveillance,19,1
2964,20220105,4,Rescue,49,1
2965,20210314,3,Rescue,17,0
2966,20231108,4,Rescue,25,1
2967,20210130,4,Combat,59,1
2968,20230430,4,Surveillance,14,1
2969,20210129,3,Combat,34,0
2970,20231107,3,Combat,13,1
2971,20211013,4,Combat,28,1
2972,20210531,3,Surveillance,24,1
2973,20241104,4,Surveillance,37,0
2974,20240517,3,Combat,7,1
2975,20240902,3,Combat,39,1
2976,20220330,3,Rescue,33,1
2977,20221123,4,Surveillance,30,1
2978,20231021,4,Surveillance,36,1
2979,20251126,4,Surveillance,25,1
2980,20250802,3,Rescue,46,1
2981,20250111,3,Rescue,33,1
2982,20220110,3,Rescue,9,1
2983,20241007,3,Surveillance,30,0
2984,20211027,4,Rescue,31,1
2985,20240226,3,Rescue,26,1
2986,20241117,3,Surveillance,45,1
2987,20220708,3,Surveillance,58,1
2988,20251013,3,Rescue,47,1
2989,20230621,3,Combat,56,0
2990,20210527,4,Rescue,28,1
2991,20240312,4,Combat,46,1
2992,20250915,3,Combat,17,1
2993,20220825,4,Rescue,32,1
2994,20230719,4,Rescue,58,1
2995,20221027,3,Combat,13,1
2996,20230124,3,Rescue,48,1
2997,20251201,3,Surveillance,31,1
2998,20210712,3,Combat,45,1
2999,20250213,4,Combat,20,0
3000,20251021,4,Combat,14,1
